Image_id,Text,Level1,Level2
0,"• கர்நாடகாவில் ரஜினியின் காலா படம் வெளியா முதல்வர் குமாரசாமியிடம் ஸ்டாலின் பேச வேண்டும்
• தமிழுக்காக எதையும் செய்யாத திமுக ஒரு தமிழ் படம் வெளியாவதற்காகவே நடவடிக்கை எடுக்க வேண்டும்

சேகர பிடிக்க சொன்னா அது என வேலை இல்லை தமிழ்நா போலீஸ் வேலை சொன்னா இது மட்டும் உன் பையனா? நீ பண்ணி அம்பசரா இல்லை மாமா
உன் வேலை மட்டும் பாரு டா பொறி டான்.
",Troll/Oppose,Troll/Oppose Against Person
1,"Thalapathy Vijay Thiruchchi Varugai...
Thiruchchi Thinarriyathu!!!",Support/Praise,Support for person
2,"

""அண்ண சொல்லுங்க.
#GET OU MODI
#GET OUT STALIN
அவன் பொய் சொல்றான் REFREE....!
அவன் பொய் சொல்றான்",Troll/Oppose,Troll/Oppose Against Party
3,"சீமான் கவுண்டமணி மரண கலாய்
தேங்காய அங்கேயே வைபா

சீமான் பாட்டு பாடி பரிசு வெற்ற கதைகள் 
இட்லிகுள் கரி இருந்த கதைகள் 
மன்சூர் அலிகான் காமெடி
",Troll/Oppose,Troll/Oppose Against Person
4,"TOI - LINE OF NO CONTROL  
KAMAL HAASAN STARTS HIS POLITICAL JOURNEY FROM THE HOME TOWN OF APJ ABDUL KALAM  

PUTTING IT SIMPLY...

KALAM 2.0  
...YOU'VE TO ACT LIKE HIM  

CHACHI 420  
...AND BE LIKE HER
",Support/Praise,Support for party
5,"ஆக மொத்தம் பதினைந்து பாட்டலுக்கு கணக்கு சரியானது இருக்குது ராகுல்ஜி

எளமிச்சை ஊறுகாய் 5
பூண்டு ஊறுகாய் 4
மாங்காய் ஊறுகாய் 6
மொத்தம் 15",Troll/Oppose,Troll/Oppose Against Person
6,"""பிரதமர் மோடி மக்களுக்கு என்ன செய்யலாம் என யோசித்து கொண்டிருப்பதால் அவருக்கு தூக்கம் வரவில்லை""

இதுவரை ஜி செஞ்சதெல்லாம் போதுமா..
அதுக்கே நாங்க 6 வருடமா தூக்கம் இல்லாம இருக்கோம்!",Troll/Oppose,Troll/Oppose Against Person
7,"2024
வலிகள் தேய்பிறையாய் தேயட்டும்! வசந்தம் வளர்பிறையாய் வளரட்டும்!
தாய்த்தமிழ் உறவுகள் அனைவருக்கும்
புனித ரமலான் நல்வாழ்த்துகள்
ஆ.செகதீசபாண்டியன்
தமிழக வாழ்வுரிமைக் கட்சி
2025
அனைத்து இஸ்லாமிய சொந்தங்களுக்கும்
இனிய ஈகை திருநாள் swanjjeden
ஆசெகதீசபாண்டிய
நாம் தமிழர் கட்சி
நடிகன் டா",Troll/Oppose,Troll/Oppose Against Person
8,"TVK WARRIOR-ன் பலம் என்ன தெரியுமா?

எதிர்தரப்பு:
உங்ககிட்ட என்ன பலம் இருக்குன்னு
இவ்வளவு தெம்பா பேசுறீங்க?

TVK WARRIOR:

எங்ககிட்ட
2 லட்சம்
விர்ச்சுவல் வாரியர்ஸ்
(VIRTUAL WARRIORS) இருக்காங்க...

ஒவ்வொருத்தரும் ஒரு அணுகுண்டு!

ஒன்றுபடு! • உழைப்பு செய்! • வெற்றி நிச்சயம்!",Support/Praise,Support for party
9,"4cr ஆட்டைய போட்ட வேவகாரம்  
மோடி ஜீ  
எச்ச ராஜா  
எனக்கே விழுதி அடிக்க பாத்தல
",Troll/Oppose,Troll/Oppose Against Person
10,"அனைவரது கருத்திற்கும் மதிப்பளிக்கும்
அரசு",Support/Praise,Support for party
11,"பாஜக 5 ஆண்டு கொண்டாட்டம்
தமிழகத்தில் 40 நாள்கள்மாற்று தொழிலும் சாதனைகள் குறித்து பிரச்சாரம் செய்வோம்
– தமிழிசை

ஊருக்குள்ள வந்த கத்தி தான் பேசும்..
ஒழுங்க திமிரு ஒடிவிடு சாதனையாம் சாதனை....",Troll/Oppose,Troll/Oppose Against Person
12,"THALAPATHY VIJAY vs SEEMAN

ஆ... உ... கத்துறது 
பெயிண்ட் பாப்பா தூக்குறது 

சினிமா பஞ்ச் DIALOGUE 
இல்ல தமிழ் நெஞ்சு DIALOGUE ...

ACTORS
",Troll/Oppose,Troll/Oppose Against Person
13,"
லிட்டர் பெட்ரோல் 100-யை தாண்டி விட்டது முதல்வர் என்ன செய்யபோகிறார்
வானதி

கோதாவரி அந்த பிஞ்ச செருப்ப எடு இவளுக்கு இன்னும் பிரதமர் யார் ன்னே தெரியல...!",Troll/Oppose,Troll/Oppose Against Person
14,"#GoBackStalin
rending together
TN Sanghi's  Bihar Sanghi's",Troll/Oppose,Troll/Oppose Against Person
15,"சங்கி: பெட்ரோல் விலை இன்னும் கொறையல, திருட்டு திராவிடம் வேலைய காட்டுது.....
// டேய் ஸ்டாலின் இன்னும் பதவி ஏத்துக்கலடா தாயிலி....
சங்கி: பதவி ஏத்துகிட்டா தான் செய்வாங்களா... இல்லனா முடியாதா...

Aala Vudra Pundaloka",Troll/Oppose,Troll/Oppose Against Party
16,"இப்ப எப்படியாவது மாறுதுனு பாக்குறிய...
திமுக+ : 50
அதிமுக+ : 62
தவெக : 89
நாதக : 0",Support/Praise,Support for party
17,"PERMISSION FOR DMK75 FUNCTION IN CHATHIRAM BUS STAND
BUT NO PERMISSION FOR TVK'S CAMPAIGN IN SAME PLACE
IF NOT FEAR, WHAT ELSE COULD BE THE REASON?",Support/Praise,Support for party
18,"DMK Passed The 12 Hours Working Bill Today In TN Assembly

*Employees*
",Troll/Oppose,Troll/Oppose Against Person
19,"நல்லா பேசுரான்‌ பழகுறான்‌
டீசென்டா ட்ரெஸ்‌ போட்டுருக்கான்‌

திடீர்னு திமுகவுக்கு ஓட்டு போடுனு
சொல்றான்
",Troll/Oppose,Troll/Oppose Against Person
20,"புருஷன் வெளியூர் போயிருக்காரா?
கவலை வேண்டாம்… நாங்க இருக்கோம்

ஆரம்பிச்சுட்டாருல தீனதயாள் சீனிவாசன்
அமைச்சர் பேச்சால் பெண்கள் கொதிப்பு

தினக்குரல், மார்ச் 16: உங்கள் புருஷன்
வெளியூர் செஞ்சிருந்தாலும் கவலை
வேண்டாம். நாங்க இருக்கோம்னு
அமைச்சர் பேசியதால் பெண்கள்
மத்தியில் கோபம் அடங்கியில்லை.

எள., அதிமுகவின் பெண்களுக்கு
ஆராய்ந்து 500 ரூபாய் முதல்
முதலில் பெண்கள் மத்தியில்
மிகுந்த உச்சம் ஏற்படுத்தியது.
இதிலிருந்து வெளியேறவே
முடியவில்லை. ""நாங்க இருக்கோம்”
அப்படின்னு பேசியதால
பெண்கள் அதிர்ச்சியில் உள்ளனர்.",Troll/Oppose,Troll/Oppose Against Person
21,"பாஜகவுக்கு விழும் வாக்கை வைத்துதான் தமிழகத்தில் எத்தனை முட்டாள்கள் என கணக்கிடுக்கும் புள்ளிவிவரம்..
",Troll/Oppose,Troll/Oppose Against Party
22,"இப்போது மக்களின் எலம் ஆரம்பிக்கப்படுகிறது

ரூபாய் 1000
ரூபாய் 1500",Troll/Oppose,Troll/Oppose Against Party
23,"மத்திய நிதி அமைச்சர் நிர்மலா சீதாராமன் பெருமிதம்!
""சர்வதேச பொருளாதாரம் மந்தநிலையிலிருந்தாலும் இந்தியா வேகமாக வளர்ந்து வருகிறது""!

அதானி & அம்பானி பொருளாதாரம்
இந்திய பொருளாதாரம்

",Troll/Oppose,Troll/Oppose Against Person
24,"முதல்வர்‌ மீது நடவடிக்கை எடுக்க.. தேவைப்பட்டால்‌
ஆளுரை சந்திப்பேன்‌.. ஓபிஎஸ்‌ திட்டம்‌

ஆளுங்கட்சி... எதிர்கட்சி... பங்காளி கட்சி...
அம்புட்டு பேரும்‌ ஆளுநரை சந்திக்கும்‌ வாரம்‌",Troll/Oppose,Troll/Oppose Against Person
25,தர்மத்தின் வாழ்வுதனை சூது கவ்வும் இறுதியில் தர்மமே வெல்லும்.,Support/Praise,Support for party
26,pls give one more remake tollywood  PLZ ONE MORE LOTTERY GIVE ME,Troll/Oppose,Troll/Oppose Against Person
27,"எதிர்க்கட்சி தலைவர் ஆகிறார் ஸ்டாலின்

ஸ்டாலின்                      கருணாநிதி

ஏன் டாடி, இது நியாயமா…  
சிம்-னா நீங்க, ஆம்போசிஷன் லீடர் மட்டும் நானா..?
",Troll/Oppose,Troll/Oppose Against Person
28,"ஸ்டாலின்‌ லண்டன்‌
சென்றதால்‌ மழை
பொழிந்து தமிழகத்தில்‌
அணைகள்‌ நிரம்பிவிட்டன
தமிழகத்துக்கு திரும்பி
வந்ததும்‌ மழை நின்றுவிட்டது
            -முதலமைச்சர் பழனிசாமி
நான்‌ மட்டுந்தான்‌
விஞ்ஞானின்னு நினைச்சேன்‌.
என்னையே தூக்கி சாப்டான்‌
எம்‌ பங்காளி!",Troll/Oppose,Troll/Oppose Against Person
29,"
WHAT BRO!
IT'S VERY WRONG BRO

தமிழ் அரசியல்",Troll/Oppose,Troll/Oppose Against Person
30,"என்ன அசோக்குமார் 648 கோடி சொத்து இருந்து  
ஆனா வீட்டு யாருக்குமே கார் இல்லையாமே..

இப்பவே தமிழ்நாட்டு மக்களையும் அரசாங்கத்தையும் ஏமாத்த ஆரம்பிச்சிட்டியே..
",Troll/Oppose,Troll/Oppose Against Person
31,POLLS      RETURN GIFT?  HIKE,Troll/Oppose,Troll/Oppose Against Person
32,"ஜனநாயகம் வென்றது 

(மத்திய வாசகம்:)
“எதிர் காலம் வரும்
என் கடமை வரும்
இந்த கூட்டத்தின்
ஆட்டத்தை ஒழிப்பேன்” – Actress Lakshmi

(சுற்றியுள்ள வாசகங்கள்:)

“ஒரு சீட் கூட ஜெயிக்க மாட்டார் விஜய்”
– சரத்குமார் statement 

“10 சீட் கூட ஜெயிக்க மாட்டார் விஜய்”
– நாஞ்சில் சம்பத் statement 

“வெறும் அட்டகாச தான் விஜய்”
– உதயநிதி ஸ்டாலின் statement 

“விட்டா வீட்டு வெளியேவே வரமாட்டார் விஜய்”
– EPS statement

“விஜய்க்கு வருவது வீழ் அடுத்த கட்டம் தான்”
– தொல் திருமாவளவன் statement

“காத்ததில் இல்லாதவர் விஜய்”
– கனிமொழி statement",Support/Praise,Support for person
33,"பெண்களுக்கு நமாடும் She Toilet திட்டம் தொடங்கிய ஒரே தலைவன்
She Toilet",Support/Praise,Support for person
34,"No readable text — collage of Dhoni, Modi, Trump, and Vijay with “loading...” symbol.",Support/Praise,Support for person
35,"In parallel Universe ~
""Meaner...leaner...stronger""  ""Can you feel the power...terror...fire?""",Troll/Oppose,Troll/Oppose Against Person
36,"அதிமுக முன்னாள் அமைச்சர் மீது நடிகை புகார்!

“திருமணம் செய்வதாக கூறி 5 ஆண்டுகள் ஏமாற்றி, கருவை கலைக்க வைத்து, அடித்து துன்புறுத்தினார்”

அதிமுக முன்னாள் அமைச்சர் மணிகண்டன் மீது சென்னை காவல் ஆணையர் அலுவலகத்தில் ஆதாரங்களுடன் நாடோடிகள் பட நடிகை சார்த்தினி தேவா புகார்

யார்ர தேறே.. இல்லை வெற்ற நடை போடும் தமிழ்கம்னு ஒரு குரூப் சுத்திக்கிட்டு இருந்துச்சு, அத தான தேறேன்!

",Troll/Oppose,Troll/Oppose Against Person
37,"அண்ணன் அடுத்து கரண்ட் கம்பி மேல நடப்பார். - அமர் பிரசாத் ரெட்டி
அடுத்ததாக தம்பி அலகு குத்தி
தீ மிதிக்க போகிறார் வானதி சீனிவாசன்
அடுத்தபடியாக தம்பி கத்தியை
வாய் வழியே விட்டு,
காது வழியே எடுப்பார்
தமிழிசை
ELLORUM NAMMUDAN
எல்லாரும் ஜோரா
ஒருதடவை கைத்தட்டுங்க!",Troll/Oppose,Troll/Oppose Against Person
38,வாய்க்கு வந்ததையெல்லாம் உளறாதே,Troll/Oppose,Troll/Oppose Against Person
39,"நாங்க திமுக மாதிரி அமைச்சர்கள் இல்ல..!!

திமுக கூட்டணியில் அங்கம் வகிக்கும் கட்சிகள், சுதந்திரமாக செயல்படக்கூடிய கட்சிகள்; திமுக மாதிரி அமைச்சர் அடிமை கட்சி இல்லை

நாங்க BJPயின்!! கொந்தளிக்கணும்.!!
",Troll/Oppose,Troll/Oppose Against Party
40,நெனச்சு நெனச்சு அழ போறீங்க,Support/Praise,Support for party
41,"Thoothukudi ஒரு முதது நகர்  
இன்று 
மூச்சு திணறும் நகரம்.
",Troll/Oppose,Troll/Oppose Against Person
42,"மாற்றம் வேண்டும்னு
கேட்டிங்கள்ல...
இதோ
வந்தாச்சு!
TVK
தமிழக வெற்றிக் கழகம்
மக்கள் சக்தி!
மாற்றத்தின் முன்னேற்றம்!
வெற்றி நிச்சயம்!
#TVK",Support/Praise,Support for party
43,"“உங்களுக்குதான்‌ அடிக்கடி உடம்பு சரி இல்லாம
போகுது, இந்தாங்க கருங்காலி மாலை போடுங்கள்‌”
சென்னையில்‌ திமுக மாவட்ட செயலாளர்கள்‌ ஆலோசனைக்‌
கூட்டம்‌ நிறைவடைந்து வெளியே வந்த
அமைச்சர்‌ ஐ.பெரியசாமிக்கு வெள்ளி கருங்காலி மாலை

அணிவித்த அமைச்சர்‌ கே.என்‌.நேரு",Troll/Oppose,Troll/Oppose Against Person
44,"
நோ நியு ட்ரோல் இந்த ஜோக்கர் பயலுகளுக்கு பழைய ட்ரோலே போதும்
#மக்கு_மலை
இத தான் இவ்ளோ நாள் உக்காந்து ஒட்டிட்டு இருந்தியா?
",Troll/Oppose,Troll/Oppose Against Person
45,"“பெண்கள் பாதுகாப்பிற் முதலில்,
பெண்கள் மனதில் உங்களுக்கும்
முதலிடம்.”",Support/Praise,Support for person
46,"பேச்சில் தடுமாறிய விஜய்....
சென்னை மகாணம்
(மாகாணம்)
உணர்ச்சியூட்ற
மட்டும் (மண்ணும்)
பிற்படுத்தப்பப்பட்ட (பிற்படுத்தப்பட்ட) மக்களுக்கும்
அமைக்கிக்கணும் (அமைக்கணும்) கொள்முதல்
நிலையங்கள்
(நிலையங்கள்)
புதிய தலைமுறை
பாடிதிக்கப்பட்டுள்ளனர் (பாதிக்கப்பட்டுள்ளனர்)
தேர்தல் அறிக்கையில் செல்வோம் (சொல்வோம்)
ஒத்தையடி பாதை
போதப்படும் (போடப்படும்)
0. மருத்துவ வசதி TVK மறுபடியும் ஆட்சியமைக்கணுமா? சாரி, இப்போது
ஆட்சியமைக்கணுமா?
உரையை முடித்தபின் “சாரி, நான் பேசுவதும் அங்கு ஒலிக்கும் சத்தமும் முன்பின் சற்று
| வித்தியாசமாக இருந்தது; ரிதமை பிடிக்க சற்று நேரமாகி விட்டது; நன்றி” எனக்கூறி அங்கிருந்து சென்றார்
தற்போது
பாப்பா பேச்சில் தடுமாற்றம்.
ட்டு பதிவாகி உள்ளது புதுக்கோட்டை மாவட்டத்தில் 30% ஓட்டு பதிவாகி உள்ளது. ஓட்டு எண்ணிக்கை ந",Troll/Oppose,Troll/Oppose Against Person
47,THINAMALAR VD KONGU NATTU MAKKAL....சங்கியியின் சங்கு நாட்டுக் கனவு,Troll/Oppose,Troll/Oppose Against Person
48,"முதலமைச்சராக சிறப்பு காட்சிக்கு
அனுமதி தர அளவுக்கு வளர்ந்துட்டாரு ❤️

9 AM சிறப்பு காட்சிக்கு அனுமதி அளித்த
மாண்புமிகு தமிழக முதலமைச்சர்
வருங்கால மன்னார்ந்த நாயகன்",Support/Praise,Support for person
49,"அதிமுக எதும் பூவைத்தேடி தேனீக்கள் நிச்சயம் வரும்  
- எடப்பாடி பழனிசாமி

காகிதப்பூவை தேடி எப்படி தேனீக்கள் வரும்??",Troll/Oppose,Troll/Oppose Against Person
50,"ஒரே ஒரு மாநாடு●● !!
SR EXERTION 2
*OTHERS
மொத்தக் கட்ச்சிகளும்....",Support/Praise,Support for person
51,"விஜயகாந்த்‌ முதல்வர்‌ நாற்காலியில்‌ அமர வேண்டும்‌: வைகோ.

'கன்பியூஸன்‌ ஆப்தி கான்ஸ்டிபேஷன்‌ ஆப்‌ தி லூஸ்‌ மோஷன்‌!",Troll/Oppose,Troll/Oppose Against Person
52,"EPS Press Meet Troll
பைத்தியமா இவன் ",Troll/Oppose,Troll/Oppose Against Person
53,"தேர்தல் திருவிழா... வெளியிலும் ரூபம்க்க
விற்பனையாகும் பிரியாணி... வியாபாரிகள் ஹேப்பி

பிரியாணியே தான் வேணுமா... இந்த சாம்பார் சாதம்லாம் சாப்பாட் மாட்டீங்களா?",Troll/Oppose,Troll/Oppose Against Person
54,"""பன்னீர்செல்வம்‌ என்றால்‌
விசுவாசம்‌""
அவரைப்‌ பார்த்தே விசுவாசத்தை:
கற்றுக்கொண்டோம்‌
'வருவாய்த்துறை அமைச்சர்‌:
ஆர்‌.பி.உதயகுமார்‌.

அப்படி என்ன விசுவாசத்தை பார்த்திங்க...
உங்களை போல ஒரு குணம்‌ மாறும்‌
பச்சோந்தியை பார்க்க முடியாது போல
இருக்கே...!!!!!!
",Troll/Oppose,Troll/Oppose Against Person
55,"ஒரு State-ல இருக்கிற மக்கள் எல்லாரும் Vote-க்காக
கொடுத்த பணம், பொருள்ன்னு எல்லாத்தையும் அரசியல் கட்சிகள் கிட்ட இருந்து வாங்கிகிட்டு Vote போடாம பெரிய
Scam பண்ணியிருக்காங்க நாயர்...",Support/Praise,Support for party
56,"ஓ.பன்னீர்செல்வம்‌, நத்தம்‌ விஸ்வநாதன்‌,
யாராவ பாமக ம பர்‌
பங்கேற்க கூடாது, அனுமதி இல்லாமல்‌
சென்னையை விட்டூ செல்லக்கூடாது என்று
அதிமுக தலைமை உத்தரவு.
",Troll/Oppose,Troll/Oppose Against Party
57,"நாகை தியாகராஜன் அஞ்சலிக்கு
வாக்கும் வழங்கும் ..
நாஞ்சில் சம்பத் ஆதரவு!  தியாகரா!

இவன் இருக்கா பா
நம்மா நிக்குற இடம்
இருக்கா!?

",Troll/Oppose,Troll/Oppose Against Person
58,"SEEMAN LATEST PRESS MEET

அன்று - கடவுள் இல்லை  
இன்று - என்னுடைய சமயம் சிவனை வழிபடும் சிவசமயம்
TROLL
",Troll/Oppose,Troll/Oppose Against Person
59,"What Bro, It’s very Wrong Bro

திராவிட ஒழிப்பாளர்  
ஆரிய ஒழிப்பாளர்  
டாஸ்மாக் ஒழிப்பாளர்  
பிளாஸ்டிக் ஒழிப்பாளர்  
ஊழல் ஒழிப்பாளர்  
பாலியல் வன்முறை ஒழிப்பாளர்
",Troll/Oppose,Troll/Oppose Against Person
60,"""இந்தி எனக்கு புரியாது, ஆங்கிலத்தில் பேசுங்க""
- பாராளுமன்றத்தில் கனிமொழி

அடங்கப்பா இது உலகமகா நட்டுப்பா சாமி
முன்னாள் பிரதமர் வி.பி.சிங் சென்னை
பொதுக்கூட்டத்தில் பேசியபோது
மொழிபெயர்த்து பேசியது யாரு..?
",Troll/Oppose,Troll/Oppose Against Person
61,"தூக்குனாரு,
எண்ணி 20 நாள்ல அவரோட பாதி
MLA-கள,
நான் தூக்கிட்டேன் .....
#TVKVijay",Support/Praise,Support for person
62,"த.வெ.க.வில் இருந்து 500 பேர் நா.த.க.வுக்கு வருவதாக சீமான் கிண்டல்
",Troll/Oppose,Troll/Oppose Against Person
63,Enna da ellathulaium RECORD vaikiringa,Support/Praise,Support for party
64,"பத்து ஆண்டுகால
அதிமுக ஆட்சியின் நிலை
",Troll/Oppose,Troll/Oppose Against Party
65,"ஒருமுறை அமெர்க்காவில அண்ணன
டிரம்ப்‌ வீட்டுக்கு போயிருந்தேன்‌.
மெலானியா அண்ணி ஒரு பன்‌
கொடுத்தாங்க. பிச்சு பார்த்தால்‌ உள்ள
பூரா கறி. இது என்ன கறி பன்னானு
கேட்டேன்‌. அண்ணிக்கும்‌
அண்ணனுக்கும்‌ ஒரே சிரிப்பு. அதுக்கு
பேரு பர்கராம்‌. புறா ஹா ஹா ஹா...",Troll/Oppose,Troll/Oppose Against Person
66,"நயன்தாரா ஹன்சிகா தம்மன்னா கூட
நடிக்க கோடி கணக்குல்‌ செலவு பண்ற

ஆனா உன தாத்தா சமாதிக்கு
மட்டும்‌ ஏன்டா எங்க பணத்தை
சுரட்டுறீங்க",Troll/Oppose,Troll/Oppose Against Person
67,"ரெண்டே ரெண்டு பேருக்கு நடுவுலதான் போட்டியே
",Troll/Oppose,Troll/Oppose Against Person
68,"முடியாது முடியாது.. நீங்க கள்ளஓட்டு ஆடுறீங்க..

நீங்க Re election வைக்க நாங்க vote போட்டு எங்க அண்ணன் ஜெயிக்க வைக்குறோம்...",Support/Praise,Support for party
69,"கருணா ஸ்டாலின்
மாணவ மாணவியர்க்கு
3ஜி 4ஜி சேவை இலக்சம்

மக்கள்
2ஜி'ல அடிச்சது பத்தாதா",Troll/Oppose,Troll/Oppose Against Person
70,"நல்லை மனிகண்டன் அவர்களுக்கு நீ மாணவுள்ள இந்துவாக இருந்தால் அனைத்து இந்து மத கோவிலில் கருவறைக்குள் சென்று
தாழ்த்தப்பட்ட, புறபடுத்தப்பட்ட இந்துக்கள் அர்ச்சனை செய்த பின் சாமிதோப்புக்கு வா...
",Troll/Oppose,Troll/Oppose Against Person
71,எதுக்கு இன்னும் அடிக்கிறீங்க மாங்கா  கதைறல் TROLL,Troll/Oppose,Troll/Oppose Against Person
72,"#JUSTIN
வாடகையே நண்பர்கள்தான் தருகிறார்கள்: அண்ணாமலை
வீட்டு வாடகை, ஊழியர்கள் சம்பளம், காருக்கு பெட்ரோல் எல்லாவற்றையும் நண்பர்கள்தான் தருகிறார்கள் - தமிழக பாஜக தலைவர் அண்ணாமலை
மக்கு மலை
சங்கிகள்
மலைமாடு ரெட்டி
அடுத்த மாசம் வீட்டு வாடகைக்கு 1 லட்சம் பெட்ரோல் செலவுக்கு 2 லட்சம் தேவைப்படுது சீக்கிரம் கொடுங்க அடுத்த வீட்டுக்கு வசூலுக்கு போகணும்",Troll/Oppose,Troll/Oppose Against Person
73,"சனாதானத்தை பற்றி
முஸ்லிம்கள்‌ பேசுவது தவறு!
சங்கீஸ்‌

அப்போ புர்கா, ரா
பற்றி நீங்க பேசுறது மட்டும்‌
சரியாடா சொங்கிப்‌ பயலே?",Troll/Oppose,Troll/Oppose Against Person
74,"மனித ஜென்மமா. இருந்தா
அறிவுரை சொல்லலாம்‌.",Troll/Oppose,Troll/Oppose Against Person
75,"சுடலை உருட்டுக்கள்‌:
விலைவாசி குறைந்தால்‌ திமுக சாதனை!
விலைவாசி ஏறினால்‌ ஒன்றிய அரசு
காரணம்‌!
இது எது உண்மை? Comment your thoughts

உணவுப்‌ பொருட்களின்‌ விலைவரகி
குறைந்திருப்பதுடன்‌ - மகளிருக்குக்‌
கட்டணமில்லாப்‌ பேருந்துப்‌ பயணம்‌
வழங்கியதன்‌ மூலம்‌ குறைந்த
போக்குவரத்துச்‌ செலவு எனப்‌ பல்வேறு
நலத்திட்டங்களை உள்ளடக்கிய
#DravidianModel 
சாதனை இது என ஆய்வாளர்கள்‌
பாராட்டுகின்றனர்‌.

இச்சாதனை தொடரும்‌! 

விலைவாசி உயர்வு நாடெங்கும்‌
மக்களை அச்சுறுத்துகிறது. காஷ்மீர்‌
முதல்‌ கன்னியாகுமரி வரை பெட்ரோல்‌
விலையோடு போட்டிப்போடும்‌
தக்காளி விலை, கியாஸ்‌ விலையை
நெருங்கும்‌ வரை வேடிக்கை
பார்க்காமல்‌, ஒன்றிய அரசு உடனே
தலையிட்டு உணவுப்பொருள்‌ &
இதர அத்தியாவசிய பொருட்களின்‌
விலையைக்‌ கட்டுக்குள்‌ கொண்டு வர
நடவடிக்கை எடுக்க வேண்டும்‌.
#TomatoPrice",Troll/Oppose,Troll/Oppose Against Party
76,"முதலமைச்சரின் காலை உணவுத் திட்டத்தை அறிமுகம் செய்த
ஓரே தலைவர்",Support/Praise,Support for person
77,"அதளபாதாளத்தில்‌ மூழ்கியிருக்கும்‌ இந்திய பொருளாதாரத்தை
மீட்க அரேபிய கடலுக்கடியில்‌ பிரதமர்‌ மோடி யோசனை?",Troll/Oppose,Troll/Oppose Against Person
78,"Hero
What if!
Director
Producer
Heroine
Dialogue Writer
Villains
",Troll/Oppose,Troll/Oppose Against Person
79,"Vijay anna thunai
விதியுடன்
மோது
விஜயுடன்
மோதாதே!!!",Troll/Oppose,Troll/Oppose Against Person
80,"SEEMAN LATEST VIDEO FUNNY TROLL

என்ன எங்க ஊருல வைத்தியக்காரன்னு சொல்லுவாங்க

தன்னை தானே கலாய்த்த அதியர்
",Troll/Oppose,Troll/Oppose Against Person
81,"
*MLA 1
*MLA 2
எதிர்கட்சி தலைவர் OPS daa
இல்ல EPS daa
sanghi
வானதி சீனிவாசன் டா..
",Troll/Oppose,Troll/Oppose Against Person
82,"கோவில திரக்க வக்கில்ல!
தொறைக்கு கோவில்த் தங்கம்
கேக்குதோ..?

*Noolibans & Sangi

சார், உங்க கூத்து எறியுதுங்க பாரு
",Troll/Oppose,Troll/Oppose Against Person
83,"6 பொது தொகுதில் தலித் வேட்பாளர்கள் ஜெயிச்சிருக்காங்க தவெகல இருந்து....
அம்பேத்கர கொள்கை தலைவர்னு சும்மா சொல்லல..",Support/Praise,Support for party
84,"கார்நாடகாவில் காங்கிரஸ் செய்த வளர்ச்சி திட்டங்கள் பற்றி 15 நிமிடங்கள் பேப்பர் இல்லாமல் பேச தயாரா? 

- ராகுல் காந்திக்கு பிரதமர் மோடி சவால்

நீ தமிழ்நாட்டுக்கு செய்து துரோகத்த 15 நாள் பேப்பரே இல்லாம பேச தயார் நீ கேக்க தயார் நாடியே...
",Troll/Oppose,Troll/Oppose Against Person
85,"Thalapathy Vijay 
1992: ivan hero va? 
1996: Hero thaan 
2002: ivan action hero va? 
2004: action hero thaan 
2010: comeback tharamatan! 
2012: Best comeback ever 
2014: ivan next superstar ah 
2017: yes he is next superstar 
2021: Who is superstar? 
2023: Peak no:1 fanbase 
2025: Politics la Vijay jeipara? 
2026: Loading... ",Support/Praise,Support for person
86,சிவாவின் தர்ம யுத்தம் - 2,Troll/Oppose,Troll/Oppose Against Person
87,"நாங்க இன்னும் எத்தனை தேர்தலுக்கு மோடி ஒழிகளை நு கத்தனும்....  
200 ரூபாய் கொத்தடிமை  
இந்த 2024 ஒரு தேர்தலுக்குத்தான் அப்போ... அதுக்கப்புறம் வேண்டாமா  
அப்புறம் அதுவே பழகிரும்... 
ARPUDHA NAINAR
",Troll/Oppose,Troll/Oppose Against Person
88,"#hashtag pathi lam namma pesalama

anil vs aamanu namma pannatha alumba",Troll/Oppose,Troll/Oppose Against Person
89,"MLA அலுவலகத்துல ""லாபம்‌ ""னு எழுதி பூஜை
போட்டு திறந்த முதல்‌ MLA....வானதி அக்கா தான்‌",Troll/Oppose,Troll/Oppose Against Person
90,"Sky Sports 
Gujarat Titans have won the IPL beating
Rajasthan by 7 wickets   cricket la theriyathu ana enga attam verithanama irrukum",Troll/Oppose,Troll/Oppose Against Person
91,"பூமிக்கு அருகில் உள்ள கோள் எது?
*மக்கள்
*செல்லூர் ராஜா

தெர்மாகோள்
",Troll/Oppose,Troll/Oppose Against Person
92,"ANNAMALAI REPLY TO DMK TROLL
அண்ணாமலை ஒரு பொறுக்கி
ஆமாம் நான் பொறுக்கி தான்
பங்கம் செய்த அண்ணாமலை",Troll/Oppose,Troll/Oppose Against Party
93,"இடும்பாவனம் கார்த்திக்
விக்கிரவாண்டியில் சுட்ட வடை போக, மீந்துபோன மாவில், கொஞ்சம் மிளகைத் தூவி, மிளகாயைச் சொருகி, மதுரையில் மிளகாய் பஜ்ஜி விற்றிருக்கிறார் விஜய்.",Troll/Oppose,Troll/Oppose Against Person
94,"இன்றதவர் யாராக இருந்தாலும் கவலை கொள்ளாதே
அவரை உன் நண்பனாக்கி கதைகளை அவிழ்த்துவிடு.

- சீமார்க்ஸ் கிபி 500
",Troll/Oppose,Troll/Oppose Against Person
95,"Nanjil Sambath situation  
NASA  
THEN  
NOW
",Troll/Oppose,Troll/Oppose Against Person
96,"தமிழன் தான் தமிழ்நாட்டை ஆழனும்..!!
2021 ஆட்சி மாற்றத்திற்குஒரே நம்பிக்கை

உணால் முடியும்
இணைய தளபதி விஜய் நியாணி மன்றம்

உழைத்திடு! உயர்ந்திடு!!

THERE IS ONLY ONE RAY OF HOPE
",Support/Praise,Support for person
97,"234 தொகுதிகளிலும் பா.ம.க தனித்து போட்டி
ராமதாஸ் பேட்டி
ஆரணி, பிப்.1:
தமிழக சட்டப்
பேரவை தேர்த
லில் 234 தொகு
தியிலும் பா.ம.க
தனித்து போட்
கள். இப்படி எல்லா தரப் மக்களும் பாதிக்கப்ப டுள்ளார்கள் அ நிர்வாயாக எ ம்பித்து ளது. கடைசி நே தில் முடிந்த கொள்ளை அடி கொள்ளலாம்

Sonna sol thavaramatan intha kottaisami Thalai keelagathan kuthika pogiran",Troll/Oppose,Troll/Oppose Against Person
98,"

தமிழக அரசியலில் ரஜினி புஸ்வாணமாகி விடுவார் - சீமான்

பத்தவச்சு பார்த்ததானே தெரியும். பட்டாசு வெடிக்குமா ? வெடிக்காதான்னு",Support/Praise,Support for person
99,"போன வாரம் வரைக்கும் உங்க படத்துக்கே போராடிட்டு இருந்திங்க.,

இன்னைக்கு அடுத்தவங்க படத்துக்கு சிறப்பு காட்சி பாக்க அனுமதி குடுக்குற அளவுக்கு வளர்ந்துட்டியே., எப்புடி னா...",Support/Praise,Support for person
100,"அம்மா உணவகம்

ஏழையின் பசி போக்கிய
அட்சய பாத்திரம் -
ஒரு ரூபாய்க்கு இட்லி தந்த
அந்த அன்பான ஆட்சி!

அனைவருக்கும் சத்தான உணவு
அனைவருக்கும் ஒரு ரூபாய்க்கு இட்லி

அடிப்படை வசதிகள் & வாழ்வாதாரம்

அதிமுக ஆட்சியின் போது
கொண்டுவரப்பட்ட
மறக்க முடியாத திட்டங்கள்!",Support/Praise,Support for party
101,"நீ பிஜேபி கூட கூட்டணி போறது
கூட பிரச்சனை இல்ல.,

_. ஆனா பிஜேபி கூட இனிமே
கூட்டணி கிடையாதுன்னு
போதுகூலுகளை கூட்டி தீர்மானம் போட்டாச்சி 

“இனி நானே நெனச்சாலும்‌
அத மாத்த முடியாதுன்னு உட்டியே
ஒரு பீலா.,அத மட்டும்‌ மன்னிக்க முடியாது
",Troll/Oppose,Troll/Oppose Against Person
102,"திருச்சி மேற்கு தொகுதியில் TVK முன்னிலை  அமைச்சர் நேரு பின்னடைவு 


Breaking News: முதல் சுற்று - திருச்சி மேற்கில் அமைச்சர் நேருவுக்கு பின்னடைவு (First Round - Minister Nehru trails in Trichy West).",Support/Praise,Support for party
103,இவனை இப்பிடித்தான் தலைவர் அனுமதி துறா மாவட்டனு ஆணும் கட்சி சொல்றுற மாதிரி கேட்கும் ஆடிட்டா இருப்பானு!! பெயருக்கு ஒரு LETTER PETITION மட்டும் DGP கிட ட குடுத்துட்டு நீ வேண்ன நிப்பாடி மைக்க எடுத்து மிலா ஏற தலைவா மத்த நாங்க பாத்துக்குறோம்,Support/Praise,Support for person
104,"

Mamtha
Cшn prime minister, mann ki baat prime minister
Modi
sanghi
எதாச்சும் பேசுனே..
",Troll/Oppose,Troll/Oppose Against Person
105,"NEWS: PM to address the nation at 6 pm
Indians: Etho serious aana matter pola..

Ji*:  
Ji: Diwali a careful aa kondadunga.. Corona inum effective aa than iruku...

Indians*:
Indians: Ethathu serious aana matter aa irukum nu paatha Diwali Pongal nu olaritu iruku
",Troll/Oppose,Troll/Oppose Against Person
106,"NAANJIL SAMPATH

May maasam vantha interview’ah  
ippo yen da trend panringa?

MEME CREATORS

Vachi seiya correct time varattum’nu  
kaathtuttu irunthom!
",Troll/Oppose,Troll/Oppose Against Person
107,"நீங்க எல்லாரும் ஓட்டு போட்டாலே விஜய சிம்ம ஆகக்கிடலாமே?

பதினெட்டு வயசு ஆகட்டும்னு காத்திருக்கோம்
",Support/Praise,Support for person
108,"கடந்த 4 ஆண்டில் மட்டும்
1 கோடி வேலை வாய்ப்புகளை பாஜக அரசு உருவாக்கியுள்ளது!
– பிரதமர் மோடி பெருமிதம்!

நீங்க வாயால கூட்டு வட ல்லாம் போதும் Mr. கேடி",Troll/Oppose,Troll/Oppose Against Person
109,"என் தந்தைக்கு ஹிந்தி தெரியாது – உதயநிதி ஸ்டாலின்

உங்கொப்பனுக்கு தமிழே தற்றுறி தான் போவியா",Troll/Oppose,Troll/Oppose Against Person
110,"DELUXE BUS VANDHA AEN AERAMATRA  
MY FRIEND  
MADRAS MEMOIRS  

WHITE BOARD VARANUMNU KATHURUKOM  
",Troll/Oppose,Troll/Oppose Against Person
111,"அண்ணா IN SAME FRAME.
UNGA வீட்டு பிள்ளை X UNGA விஜய் IN SIMILAR FRAME
BROMANCE IN SAME FRAME",Support/Praise,Support for person
112,"WHEN YOU HAVE POWER AND POLITICAL SUPPORT
YOU CAN DO CRIME AND ESCORT

WHEN YOU ARE A COMMON MAN
YOU SOB AND DIE FOR NO REASON

WELCOME TO DEMOCRATIC INDIA",Troll/Oppose,Troll/Oppose Against Party
113,"
பிஜேபி என்றாலே நாடக கம்பெனி என்பதை தமிழ்நாடு மிகத் தெளிவாக புரிந்து வைத்திருக்கிறது. பிஜேபியும் அவ்வபோது அது உண்மைதான் என்று நிரூபித்து விடுகிறது
#கோமாளி_அண்ணாமலை
",Troll/Oppose,Troll/Oppose Against Party
114,"அண்ணாமலை 1 மணி நேர பேட்டிக்கு பிறகு..
ங்கி
செய்திகள்:
வாட்ஸ்அப் பட்டியல்
மக்கள்
வாட்ச் பில்
இந்த வாட்ஸ்அப் மெசேஜை தான் இத்தனை மாசமா ஒட்டிக்கிட்டு இருந்தியாடா!",Troll/Oppose,Troll/Oppose Against Person
115,"""இந்த சின்னம் தான் பாஜக சின்னம் என்று  
அடியாரம் காட்டியது இல்லை"";

நீ ஒரு Waste எ.நீ.கட்ட.சின்னம்  
வலிக்குறது ஒரு Waste
",Troll/Oppose,Troll/Oppose Against Person
116,"NEWS
ஜெயிலில் சுயசரிதை எழுதுகிறார் சசிகலா
ME
சுயசரிதைனு சொல்லாதீங்க வாய்ல அடிங்க வாய்ல அடிங்க "" சமையல் குறிப்புனு "" சொல்லுங்க",Troll/Oppose,Troll/Oppose Against Person
117,"DMK Govt To Establish MAKKU, (Mutthamizh
Arignar Kalaignar Karunanidhi University)",Troll/Oppose,Troll/Oppose Against Party
118,"கலைஞர்
கேள்வி : இத்தனை வருட பொதுவாழ்வில் நீங்கள் கற்று கொண்டது என்ன?
தலைவர் கலைஞர்: நம்மால் பயன் அடைந்தவர்கள் நம் மீது நன்றி உணர்வுடன் இருப்பார்கள் என எதிர்பார்க்க கூடாது.",Support/Praise,Support for person
119,இன்னைக்கு Morning vijay அண்ணன் முதலமைச்சர் ஆகிவாரு.. மதியம் CSK Match And Night RCB Match...,Support/Praise,Support for person
120,தமிழக அரசியல்வாதிகள் கமலா ஹாரிஸ்,Troll/Oppose,Troll/Oppose Against Person
121,"ஓபிஎஸ்‌ கட்சியில்‌ இருந்து நீக்கியது செல்லும்‌... அப்ப அடுத்து
எம்‌எல்‌ஏ தகுதி நீக்கம்‌... ஆண்டவன்‌ எங்களுக்கும்‌ கண்ண
தொறறந்துட்டான்‌...",Troll/Oppose,Troll/Oppose Against Person
122,"உதயமாகும் சூரியன் 
நேற்று
#இடுப்புக்கிள்ளிதிமுக

இன்று
#ஒசிபிரியாணிதிமுக",Troll/Oppose,Troll/Oppose Against Party
123,"தலைவர நம்ம கூட்டணிக்கு பிரச்சாரம்‌ செய்ய
ராகுல்‌ தமிழ்நாட்டுக்கு வராரு தலைவரே!

ஐயோ, அந்த ஆளு பிரச்சாரம்‌ மண்ண நமக்கு
கிடைக்கிற 1௦ தொகுதிகூட கிடைக்காதே!",Troll/Oppose,Troll/Oppose Against Person
124,"திமுகவின் தேர்தல் அறிக்கை தயாராகி விட்டது

ஜூனியர் விகடன், நக்கீரன் போன்ற புனன் ஆய்கின்ற பத்திரிகைகள் உயிரைப் பணயம் வைத்து கண்டுபிடித்துள்ள அந்த அறிவிப்புகளை பொதுமக்களின் மேலான பார்வைக்கு சமர்ப்பிக்கிறோம். நன்றி!

23ஆம்கட்டுமரகேசி

1. உடனடியாக மின்வெட்டு அமலாக்கப்படும். தங்கள் துயரத்தை ஆட்சி போலவே மின்சட்டை தொர்வது உறுதி செய்யப்படும்.

2. தாங்கள் ஏற்கனவே கையெழுத்திட்டுத் தந்த ஒப்பந்தத்தை நிறைவேற்றும் வகையில் மீத்தேன், நெயில் திட்டங்கள் மீண்டும் கொண்டு வரப்படும்.

...தொடரும்
#AFT",Troll/Oppose,Troll/Oppose Against Party
125,"அமைச்சர் பதவியா? ஜாமீனா?
செந்தில் பாலாஜி

பெண்களை இழிவாக பேசி மாட்டிக்கொண்டவர்
பொன்முடி

சொத்துக்குவிப்பு வழக்கு
துரைமுருகன்

சொத்துக்குவிப்பு வழக்கு
எம்.ஆர்.கே. பன்னீர்செல்வம்

WELL DONE BOYS",Troll/Oppose,Support for party
126,"மக்கள்

தேர்தல் அறிக்கை

தேர்தலுக்கு முன்

தேர்தலுக்கு பின்",Troll/Oppose,Troll/Oppose Against Party
127,"ஆந்திரக்காரன்‌ செம்மரம்‌ வெட்ட போன
 தமிழன சட்டக்குடாதுன்னு சொல்லணீங்க.
அது அவன் இயற்கை வளம்..
நீங்க முடிஞ்சா இங்க ஆத்து மணல
திருட வந்த சேகர்‌ ரெட்டிய சுடுங்க...
இது நம்ம இயற்கை வளம்‌...",Troll/Oppose,Troll/Oppose Against Party
128,"Constitution  
Accust 
Arrest these Sexual Violence criminals and sentence them to jail  

BJP MLA 
Brahmins actually நல்ல பழக்க வழக்கம் கொண்டவர்கள்.
",Troll/Oppose,Troll/Oppose Against Person
129,"சென்னை TO பெங்களூர்
பெங்களூர் TO சென்னை

அமைச்சர்கள் : ஏடப்பாடி
அமைச்சரே! பேருந்துகளை சீரமைக்க ஒதுக்கிய நிதி! கட்டணத்தை உயர்த்தி பெற்ற நிதி எல்லாம் என்னாயிற்று?",Troll/Oppose,Troll/Oppose Against Person
130,ADMK+BJP+NTK+DMDK+Others     DMK+INC+VCK+MDMK+TMMK+Others  TVK +TN PEOPLE,Troll/Oppose,Troll/Oppose Against Party
131,"“என்‌ மகன்‌, என்‌ பேரன்‌!   என் கட்சி என் வாரிசுகள்",Troll/Oppose,Troll/Oppose Against Party
132,"#ModiKaElectoralBondsParivar
#BIP has received 
₹11, 562 5 Croress according to #ElectoralBonds data from SBI

₹11, 562 5 Cr",Troll/Oppose,Troll/Oppose Against Person
133,"உழல் வழக்குகள் உள்ள திமுக அமைச்சர்களின் பட்டியல்

செந்தில் பாலாஜி
துரைமுருகன்
கே.என்.நேரு
ஐ.பெரியசாமி
தங்கம் தெனரசு
ரகுுப்
கே.ஆர்.பெரியகருப்பன்
அன்பரசன்
கே.கே.எஸ்.எஸ்.ஆர்.ராமச்சந்திரன்
அவனிசு ஆர்.ராஜா நாச்சியப்பன்
எம்.ஆர்.கே.பன்னீர்செல்வம்

 அமைச்சரவையிலே எல்லாம் திருடனா இருந்தா என்னப்பா பண்ணுது?
",Troll/Oppose,Troll/Oppose Against Party
134,"தே.மு.தி.க தனித்து போட்டி!!!

போகுதே,,,, போகுதே,,.,
",Troll/Oppose,Troll/Oppose Against Party
135,"உன் பிறப்பே வா..
இருநாறு இடம் பிஷ்போம்! வரலாற்றிலே தடம் பதிப்போம்!!
#உன் பிறப்பே_வா
",Support/Praise,Support for person
136,"
புது வருசம் பொறந்துறுச்சு ......
கேக்கவே கூச்சமா இருக்கு
இன்னைல இருந்து 300 ரூபா குடுக்குறிங்களா",Troll/Oppose,Troll/Oppose Against Party
137,Sarpatta  parambarai Review,Troll/Oppose,Troll/Oppose Against Party
138,"அண்ணா
என்னனா
முதலமைச்சர் ஆகிட்டீங்க!
எங்கள் கனவுகளை நினைவாக்கிய உங்களுக்கு எங்களின் நன்றிகள் அண்ணா!
தமிழ்நாடு அரசு",Support/Praise,Support for person
139,"குடும்பத்‌ தலைவிகளுக்கு மாதம்‌ ரூ.1,500

குடும்பத்‌ தலைவிகளுக்கு
மாதம்‌ ரூ.1,500
வழங்கப்படும்‌ - எடப்பாடி
பழனிசாமி

   

பாத்திங்கள்ல... எங்களுக்கு மாசம்‌
1500 ரூபா தரப்போறாங்களாம்‌...

 ""அதான்டி எங்களுக்கும் பபமா இருக்கு.. அந்த 1500-அ அட்ஜஸ்ட் பண்ண குவாட்டர்ல கைய வெச்சிவோங்களோன்னு மனச திக்கு திக்கு திக்குனுது...""",Troll/Oppose,Troll/Oppose Against Person
140,"ஏதேனும் Election வந்துச்சி எல்லாரும் வந்து போட்டி நடக்குது நிதானமா இல்ல

சீமான் – மற்ற கட்சிகள்

நீ யாரு லே கோமாளி

நாமும் தமிழ்நாட்டுல ஒரு கட்சி நடத்துறோமேயா நம்பியா
",Troll/Oppose,Troll/Oppose Against Person
141,"
VIJAY AND TVK SNIGHTMARE
",Troll/Oppose,Troll/Oppose Against Party
142,"வெற்றி வேலுடன்
வெற்றித் தலைவர்",Support/Praise,Support for person
143,"திராவிடம் என்றால் எதற்கிறதா?

தமிழ்
த்ரமிள(ம்)
த்ரமிடன்(ம்)
த்ரவிட(ம்)
திராவிட(ம்)
என தீர்ந்து
திராவிடம் உருவானது


திருவாவிடர்கள்:
எண்டா உங்க புள்ளைக்கும் அடுத்தவன் இஞ்சிய வச்சா உங்களுக்கே கோபம் வருமா வராதா?

தமிழர்கள்:
அது சரி நீங்க ஏற்கனவே அது தான் பண்ணிக்கிட்டு இருக்கீங்க, உங்களுக்கே எப்படி கோபம் வரும்?",Troll/Oppose,Troll/Oppose Against Party
144,"OPS & EPS MARANA TROLL  
EPS - ஜெயிச்சி செய்த OPS அடிமைகள்  
இது EPS 2.0  
நாங்களும் பொங்குவோமில்ல..
",Troll/Oppose,Troll/Oppose Against Person
145,"திமுகவை ஆட்சியில் இருந்து அகற்றும் வரை காலில் செருப்பு அணிய மாட்டேன்..
நாளை காலை 10 மணிக்கு என் வீட்டிற்கு வெளியே நின்று, என்னை நானே 6 முறை சாட்டையால் அடித்து கொள்வேன்...
பா.ஜ.க தலைவர் அண்ணாமலை
",Troll/Oppose,Troll/Oppose Against Person
146,"
மக்கள் மீது மதுவை திணிக்கிறது
அரசு.
-
கனிமொழி அப்போ உங்க மது ஆலையில் தயாரிக்கிறது சத்து
டானிக்கா ..?",Troll/Oppose,Troll/Oppose Against Person
147,"KAMAL TO SNEHAN: ஆமா... நீ எப்போ கட்சிய விட்டு
போற...
SNEHAN: என்ன நீங்க கேக்குறீங்க...?

KAMAL:இனிமே நான்‌ தான கேட்டாகனும்‌...!!!
",Troll/Oppose,Troll/Oppose Against Person
148,"விமானம் மூலம் மின்சம்பங்குகளை
நடவேண்டும். அமைச்சர் சீனிவாசன்
அதிரடி பேச்சு.

திராவிடத்...

நான்தான் விஞ்ஞானின்னு நினைச்சேன். ஆனா, என் பங்காளி எனக்கே வாத்தியாரா இருக்கான் போல...
",Troll/Oppose,Troll/Oppose Against Person
149,"ரோஷன் கடைகளில் இனி உளுந்தம் பருப்பு கிடையாது மக்களே... அரசு அறிவிப்பு

வட போச்சே",Troll/Oppose,Troll/Oppose Against Party
150,"How Time Changes!!!
விஜய் அண்ணா படத்துக்கு போற காலம் போய்
விஜய் அண்ணாவையே பாக்க போறோம்!!",Support/Praise,Support for person
151,"இலங்கை தமிழர்கள்‌ அநாதைகள்‌
அல்ல; அவர்களுக்கு நாம்‌ இருக்கிறோம்‌ -
அவங்க அனாதை ஆனதுக்கு காரணமே
காங்கிரஸ்‌ கட்சியும்‌ நீங்களும்‌ தானே!
அப்பறம்‌ எதுக்கு இந்த நாடகம்‌",Troll/Oppose,Troll/Oppose Against Party
152,"Rip remakepathy now who
will remake our films",Troll/Oppose,Troll/Oppose Against Person
153,"சென்னை - சேலம் 8 வழிச்சாலை திட்டத்திற்கு
தமிழக அரசு எந்த எதிர்ப்பும் தெரிவிக்கவில்லை
என மாநிலங்களவையில் மத்திய அமைச்சர்
நிதின் கட்கரி பதில்

மாநிலங்களவை உறுப்பினர் அன்புமணி ராமதாஸ் எழுப்பிய கேள்விக்கு
எடுத்துப்பார்வா விளக்கம்

☆ தமிழக மக்கள்
திமுக",Troll/Oppose,Troll/Oppose Against Person
154,ரங்கராஜ் பன்டேவுக்கு பயந்து மாறு வேடத்தில் சுற்றும் செபாஸ்டியன் சைமன்,Troll/Oppose,Troll/Oppose Against Person
155,"சட்டசபையில் முதலவர் Posting க்கு
கூட மரியாதை தராத உதயநிதி எங்க…

முன்னாள் முதலவர் மரியாதையை
நிமிர்ந்தமா சந்திக்க போன இந்நாள்
முதல்வர் விஜய் எங்க.",Support/Praise,Support for person
156,ஊழலுக்கும் அமைச்சருக்கும் பால் ஊற்றிய முதலவர்,Troll/Oppose,Troll/Oppose Against Person
157,"*DMK Govt

புடிங்க சார், புடிச்சீ கை கால உடைங்க..
பிரதமர் படத்துக்கே கரி பூசறானுங்க..

*Periyarists
",Troll/Oppose,Troll/Oppose Against Party
158,"கொளுத்தும் வெயிலில் தீவிர பிரச்சாரத்தில் அமைச்சர் கோகுல இந்திரா

சைல பார்க்க அப்படியே ""அம்மா"" மாதிரியே இருக்குல்ல..!",Troll/Oppose,Troll/Oppose Against Person
159,"நான் தான் அப்படினா என்னுட இருக்குற எல்லாமே அப்படிதான் இருக்கு
",Troll/Oppose,Troll/Oppose Against Party
160,"5 துஅண்டு அதிமுக வா..? பாஜகவின் மாஸ்டர் PLAN  
5 துண்டாக உடையும்‌ அதிமுக...! பாஜக மாஸ்டர் பிளான் #fairdelimitati...
",Troll/Oppose,Troll/Oppose Against Party
161,வரலாற்று நிகழ்வு ...,Support/Praise,Support for party
162,"நான் சோனியா காந்தி பிரதமராகணும்'னு தான் ஓட்டு போட்டேன், பிரச்சாரமும் பண்ணினேன்  ரஜினி வந்தேனுயா தெரியந்த உனக்கு
சோனியா வந்தேனுயா தெரியலையா டா",Troll/Oppose,Troll/Oppose Against Person
163,"தலீவர் பழத்தை கனிய வைத்து எடுத்து கொண்டு வெளிய வரும்போது....
ஸ்டாலின்
கசோ கட்டுமரம்
கருணாநிதி துரை முருகன்
தி.மு.க",Troll/Oppose,Troll/Oppose Against Person
164,"

கூட்டணிக்கு ஆட்கள் தேவை இடம்:எம்.ஜி.ஆர் மாளிகை",Troll/Oppose,Troll/Oppose Against Party
165,"விவசாயிகளை கொண்டாடும் கட்சி!
விவசாயிகள் கொண்டாடும் கட்சி 

வெறும் விவசாய சின்னத்தை வெச்சிட்டு சுத்தி என்ன பிரொயோஜனம்ன்னே",Troll/Oppose,Troll/Oppose Against Party
166,"Careful mate... that Dalit wants your cookie!

Upper caste Hindus richest in India, own 41% of total assets; STs own 3.7%, says study on wealth distribution

மாத வருமானம் ரூ.66,000 பெறுவோர் எவைகள்?

general category liberal tharkuri",Troll/Oppose,Troll/Oppose Against Person
167,"11.19%
14 வருடங்களுக்கு பிறகு இரட்டை இலக்க பொருளாதார வளர்ச்சி விகிதத்தை பதிவு செய்த தமிழ்நாடு!
SparkMedia_TN
05/08/2025",Support/Praise,Support for person
168,"பெற்ற தாயும்‌ இல்லை; வளர்த்த தாயும்‌
இல்லை: அமைச்சர்‌ செல்லூர்‌ ராஜூ
உருக்கம்‌

அடப்பாவிங்களா...பெற்ற தாயும்‌
இல்ல,வளர்த்த தாயும்‌ இல்லாத இந்த
பச்ச மண்ணுக்கு மறுபடியும்‌ வைகை ஆத்துல தெர்மாகோல் விட்டு
விளையாட வாய்ப்பு கொடுங்கய்யா,,",Troll/Oppose,Troll/Oppose Against Person
169,"
அடுத்தவர்கள் பொருளை தொட்டது கூட கிடையாது
அடுத்தவர் பொருளை மட்டும் தான் தொட மாட்டாரு. பணம், நிலம் எல்லாம் இருந்தா அபகரிச்சிக்குவா...",Troll/Oppose,Troll/Oppose Against Person
170,தமிழக வெற்றிக் கழகம்,Support/Praise,Support for party
171,"என்ன சொன்னிங்க சினிமா நடிகர் விஜய் அரசியலுக்கு போட்டாரு
இனி எல்லாம் மறந்துருவாங்கனா

வாத்தா எல்லாரும் அரசியலுக்கு மாறிட்டாங்கடா..",Support/Praise,Support for person
172,"poti unga rendu katchi kulla dhan.  
nadula naanga edhukku  
other parties  
DMK ADMK  
summa thonaikku  
",Troll/Oppose,Troll/Oppose Against Party
173,"வைகோ

செந்தில் பாலாஜி",Troll/Oppose,Troll/Oppose Against Person
174,Actor Vijay ❌ Chief Minister Vijay ✓,Support/Praise,Support for person
175,"அன்புமணி ராமதாஸை முதலவர் வேட்பாளராக
ஏற்பவர்கள் எங்கள் கூட்டணிக்கு வரலாம்

யாரோ கெனிசசனை தமிழ்நாட்டுக்கு 
மாத்தி கொடுத்துட்டான். கூட்டணிக்கு 
எங்க கூட வான்னு கூப்பிடுறாங்க.",Troll/Oppose,Troll/Oppose Against Person
176,மூன்று மாதத்துல வாரத்துக்கு ஒரு நாள் பிரச்சாரம்!! ஜனவரி 9 ஜனவரிகள படத்தை வைத்து ஒரு சபமம்... அப்புறம் மூன்றாவது மாதத்து மாறாடு! அடுத்தது சட்டமன்ற தேர்தல்! 2026 - ல சபமம் இருக்கு,Support/Praise,Troll/Oppose Against Person
177,"எனக்கெளளனதால் ராஜ்யசபா எம்.பி பதவியை ராஜினாமா செய்து கேப் முதுவரை. வைதிலிங்கம்
EPS
உங்களால் இன்று எம்.பி. சீட் வில்லனீ விட.ட. லேனை பாண்டியகா.
",Troll/Oppose,Troll/Oppose Against Person
178,"
மாற்றத்தை
விதைத்துவிட்டோம்‌...

#நாம்தமிழர்
",Support/Praise,Support for person
179,"அன்னைக்கு என்ன சொன்ன நமச்சி ? மின்துறை 200 கோடி லாபம் என்று. இன்னைக்கு என்ன சொல்லுற 300 கோடி நஷ்டம் என்று!
Electricity Department
நமச்சிவாயம்
புதுச்சேரி மக்கள்
Thu fraudu kara paya
",Troll/Oppose,Troll/Oppose Against Person
180,"டீ போர்றானுங்க...
வட சுற்றானுங்க..
துணி துவைக்கிறானுங்க...
எட போற்றானுங்க...
தோசை சுடுறாங்க...
தெருவ பெருக்குறானுங்க...

ஆனா ஜெயிச்சா மட்டு தொகுதி பக்கம்‌ வர
மாட்ரானுங்க...",Troll/Oppose,Troll/Oppose Against Party
181,"TVK Vijay இல்லனா கட்சி லீடர் முக்கியம்...
திமுக+ : 50
அதிமுக+ : 75
தவெக : 109
நாதக : 0",Support/Praise,Support for party
182,"""காங்கிரஸ் ஆட்சி செய்தபோது அவர்கள் போடிய
அளவில் மின்சாரம் வருத்தக்கவில்லை. அதனால் மக்கள்
தொடை அதிகநிறைப்பு காரணமாக அமைந்தது.""
- பிஹ்லாத் ஜோஷி, இந்திய அமைச்சர்
*ச்சே ச்சே இருக்காது.
அப்போ இந்த அமைச்சர் என்ன கூட இருந்து
light புஷ்சு இருப்பாங்களா?
",Troll/Oppose,Troll/Oppose Against Person
183,"இதுவும் நடந்து இருந்தா நல்லா ந்துருக்கும்...
தலைமையில
சேரவை விடு",Support/Praise,Support for person
184,"OPS & EPS MARANA TROLL
EPS-ஜெயிச்சி செய்த OPS அடிமைகள்
இது EPS 2.0
நாங்களும் பொங்குவோமில்ல..",Troll/Oppose,Troll/Oppose Against Person
185,"அடேய்‌ சின்னாத்தாவ புடுங்குனீங்க
இப்ப சின்னத்தையும்‌ புடுங்கீட்டீங்களேடா",Troll/Oppose,Troll/Oppose Against Party
186,"தனியார் திருமண மண்டபத்தில் பரந்தார் மக்களை சந்திக்கும் திவெக தலைவர் விஜய்  
*மக்கள்  
இதுக்கு பருத்தி மூட்டை பனையூர்லே இருக்கலாமே?
",Troll/Oppose,Troll/Oppose Against Person
187,"தலைவரே, நான் வேணும்னா என் கடையில போயிட்டு பழத்த எடுத்துட்டு வரவா?
பழக்கடை அன்பழகன்
கருணாநிதி
#DMKFails
துரைமுருகன்",Troll/Oppose,Troll/Oppose Against Person
188,"Kalam 8 la Pottu Polanthuttu irrukanuga..

1- Trending in India
#GetOutStalin

2- Trending in India
#TVKForTN
",Troll/Oppose,Troll/Oppose Against Party
189,"மின்சார சேமிப்பு: நாட்டின் வளர்ச்சி
நாம் சேமிக்கும் ஒவ்வொரு யூனிட் மின்சாரமும் நாட்டின் வளர்ச்சிக்கு உதவும்
சமூக அக்கறையுடன் மின்சாரத்தை சிக்கனமாக செலவு செய்யவேண்டும்

அதே மாதிரி தான் நீங்கள் சேமிக்கும் ஒவ்வொரு ரூபாயும் தமிழ்நாட்டின் வளர்ச்சிக்கு உதவும்.. நாற்றாண்ட் விழா மணிமண்டபம் பணத்தை வீணாக்காமல்..சமூக அக்கறையுடன் சிக்கனமாக செலவு செய்யுங்கள்..
",Troll/Oppose,Troll/Oppose Against Person
190,"தலைவரே..இந்த தம்பி எனக்கு வேண்டப்பட்ட தம்பிதான்..பேரு ஸ்டாலின் அவுங்க அப்பா பேரு கருணாநிதி...கொஞ்சம் பெரிய மனசு பண்ணி இந்த எலக்கசன்ல முதல்வர் சீட்டுகுடுத்திங்கனா நல்லாருக்கும்...
கம்சா கட்டுமரம்!
சாகுறவரைக்கும் அந்த சீட் எனக்கு மட்டும் தான்.
பொதுமக்கள்: கிடைக்காத பதவிக்கு எதுக்குடா இப்படி அடிச்சிக்குறீங்க?",Troll/Oppose,Troll/Oppose Against Person
191,"கண்ணீர்
அஞ்சலி
நபர்: சத்யபாபு
பாரதீய ஜனதா கட்சி
தமிழ்நாடு
actual sarathbabu enga katchi than theriyuma",Troll/Oppose,Troll/Oppose Against Person
192,#CMStalinInEurope,Support/Praise,Support for party
193,"தி.மு.க தலைவர் திரு மு.க.ஸ்டாலினை மரியாதை நிமித்தமாக சந்திக்கவிருக்கிறார் முதல்வர் விஜய்
நாகரீக அரசியலை நோக்கி திரும்புகிறது தமிழகம்",Support/Praise,Support for party
194,"டைம்ஸ் மீம்ஸ்
நினைச்ச நினைச்ச கட்சி மாறவேன்..
அதான் ம.நி.மு.கவு ஒன்று, அ.தி.மு.க - வில உண்ணு, தி.மு.கவு ஒன்று நு
எப்போதுமே ஒரு அபிஷேகை வாங்கி வசிச்சிருக்கேன்...!",Troll/Oppose,Troll/Oppose Against Person
195,"“ஜனநாயகங்கள்”
தியேட்டருக்கு வரல…

ஆனா “நாயகன்”
கோட்டைக்கு வந்துட்டாரு. 🔥

From Hero to People’s Leader.",Support/Praise,Support for person
196,"    மோடி சுட்ட வடைகள்: 1. கருப்பு பணம் மாட்டு வடை!
2. அனைவருக்கும் நலவாழா சொன்ன 15 லட்சம் வடை!
3. புல்வாமா ரவுடி வடை!
4. மதுரையில் ஏபோர்ட் மருத்துவமனைக்கு யோகி வடை!
5. ஆண்டுக்கு 2 கோடி வேலைவாய்ப்பு வடை!
6. 5 டிரில்லியன் பொருளாதார வடை!
7. எல்லோருக்கும் சொந்த சிம்கார்ட் வடை!
8. 100 ஸ்மார்ட் சிட்டிகள் உருவாக்கப்படும் என்ற ஸ்மார்ட் சிட்டி வடை!
9. மேக் இன் இந்தியா என்னும் சீனா வடை!
10. தாய்மை இந்தியா என்வொரு ஷெய்ப்போனா வடை!
11. ஊழல் ஒழிப்பு வடை!
12. பெட்ரோல், டீசல் விலை குறைப்பு வடை!
13. விலைவாசி குறைப்பு வடை!
14. நக்கள் இணையம் வடை!
15. அதிகாரிகள் இந்தி பேசணும் வாங்க லைன் நியமனம் என்ற மின்சார வடை!
16. தரமான டாக்டர்களுக்கான நீட் வடை!
17. நவீன இந்தியா வடை!
18. புதிய இந்தியா திட்டம் வடை!
19. டிஜிட்டல் இந்தியா என்று சொல்லும் வடை!
",Troll/Oppose,Troll/Oppose Against Person
197,"ஏய் இங்க பாருடி ஆண்டவர் எவ்வளோ எளிமையா போறாரு...!

நானே சத்குமார் திரும்பி கொடுத்த 3 சீட்டுக்கு ஆள் தேடி போய் கிட்டு இருக்கேன் இவளுக்கு வேற ...!

",Troll/Oppose,Troll/Oppose Against Person
198,"தமிழகம்  
யுகாதி புத்தாண்டு திருநாள் முதல்வர் மு.க.ஸ்டாலின் வாழ்த்து  
திமுக அரசுதான் யுகாதி திருநாளுக்கு அரசு விடுமுறை அறிவித்தது

முத்துவேல் கருணாநிதி மவனே தமிழ் புத்தாண்டு வாழ்த்து சொன்னீங்களா?..... இல்லையே.... ஏன்னா இளிச்சவாயன் தமிழன் உங்களுக்கே ஓட்டு போடுவான்ற தைரியம் தான்
",Troll/Oppose,Troll/Oppose Against Person
199,"நாம கூட்டணி அமைக்க போவதை பற்றி மக்கள் என்ன பேசுகிறார்கள் !!!!

தத்தா...........னு துப்புறாங்க",Troll/Oppose,Troll/Oppose Against Person
200,"முக்கிய செய்தி

""அதிமுக - பாஜக கூட்டணி தொடரும்""

தேசியலின் கருத்தியும், தமிழகத்தின் நலன் கருத்தியும் அதிமுக - பாஜக கூட்டணி தொடரும்; அதில் மாற்றக் கருத்து இல்லை

அதிமுக ஒருங்கிணைப்பாளர் பன்னீர்செல்வம்
",Troll/Oppose,Troll/Oppose Against Person
201,"நாளைக்கு சட்ட மன்றம் வாங்கு
என்னிக்கையில, செங்கோட்டையன் மாஸ்
சூரா சம்பவம் பண்ண போகிறாரு… 

150 நிச்சயம்",Support/Praise,Support for person
202,"சரக்கு அடிங்க SIR லைப் நல்லாருக்கும்
குறை சொல்ல முடியாத ஆட்சிஅ...

மக்கள்",Troll/Oppose,Troll/Oppose Against Party
203,"Started a party 2 years back
Contested in all 234 seats",Support/Praise,Support for party
204,"""அரடாவருடன் 5 நாட்கள் தனியாக நான் காட்டுக்கு  
வசிப்பேன்"" நான் ஏனென்று தேடி காரர்களுக்கு சென்றேன்  
"" பிரதமர் நரேந்திர மோடி  
5 நாட்கள் காட்டில் இவர் கரடியுடன் செய்த காரியத்தை பாருங்கலேன்
",Troll/Oppose,Troll/Oppose Against Person
205,அவளோதான் sir பசங்க.....,Support/Praise,Support for person
206,"ஒரு Bio pic கு தேவையான
எல்லாமே தானா நடக்குது…!!

ஒரு தமிழனை எதிர்க்க 75 வருட,
60 வருட இரு பெரும் திராவிட கட்சிகள் கூட்டணி???

Feel the aura !!",Support/Praise,Support for party
207,"
விஜய் : 70 வருஷ கட்சிய சரிக்க தெரிஞ்ச எனக்கு,
ஆட்சி அமைக்க தெரியாதா...!",Support/Praise,Support for person
208,"ஸ்போர்ட்ஸ்க்கு 1994ல காசுக்காக அடிக்கல் நாட்டுனே நீ ஒரு புரட்சி...

அதையும் கமிஷன் வாங்கிட்டு 1996ல அனுமதிச்ச நீ ஒரு பொறாமைப்போக்கு. நீங்க ரெண்டு பேரும் தமிழ்நாட்ட சுக்கோபா ஆக்கவே இங்க வந்தீங்கலா..
",Troll/Oppose,Troll/Oppose Against Party
209,"TVK vijay anna troll

'தவறான பழக்கங்களில்‌ ஈடூபடாதீர்கள்‌, ஈடுபடக்கூடாது
* தவெக விஜய்‌",Troll/Oppose,Troll/Oppose Against Person
210,"

எம்எல்ஏக்களானதால் ராஜ்யசபா எம்பி பதவியை ராஜினாமா செய்த கேபி முனுசாமி, வைத்திலிங்கம்!
EPS
உங்களால், இரண்டு எம்.பி சீட் விண்ணாகி விட்டது.
லகண பாண்டிகளா..",Troll/Oppose,Troll/Oppose Against Person
211,"எனக்கு சுகர் BP இருக்கு.
மயக்கம் தலைசுத்தல் இருக்கு.
இருந்தாலும் உங்கள்ாக உழைக்க காத்திருக்கிறேன்
எனக்கு ஓட்டு போடுங்க.
– விஜயபாஸ்கர்

உங்க வில் புயுது.. இவ்ளோ கஷ்டப்பட்டு நீங்க உழைக்க வேண்டா.. போய ரெஸ்ட் எடுங்க ஜீ",Troll/Oppose,Troll/Oppose Against Person
212,"திமுக திட்டனை திட்டக்கூடும் FAIL -லு ""அமைச்சரெல்லாம் ஜெயிலு
இதுல ஊள சொல்றியா மாமா...
",Troll/Oppose,Troll/Oppose Against Party
213,"பசியோடு
எந்தக் குழந்தையும்
பள்ளிக்கு வரக்கூடாது -

இந்தியாவின் முன்னோடித் திட்டம்
‘காலை உணவுத் திட்டம்’!",Support/Praise,Support for party
214,"

தனியார் மருத்துவமனையில் கொரோனாவுக்கு இலவச சிகிச்சை

தனியார் மருத்துவமனைகளில் கொரோனா சிகிச்சைக்கான கட்டணத்தை தமிழக அரசே காப்பீட்டு திட்டத்தின் கீழ் ஏற்கும் முதல்வர் மு.க.ஸ்டாலின் கையெழுத்திட்டார்


Arumayaana thittam...",Support/Praise,Support for person
215,"அதிமுக பொதுக்குழு செல்லும் என்ற சென்னை உயர்நீதிமன்ற தீர்ப்பை எதிர்த்து
ஓ.பி.எஸ். தரப்பு மேல்முறையீடு!

ops*

எனக்கு எண்டே கிடையாது",Troll/Oppose,Troll/Oppose Against Person
216,"மக்களுக்கு எதுவான மாற்றும் முன்னேற்றத்திற்கான பட்ஜெட் இது;
நிதியமைச்சர் நிர்மலா சீதாராமனுக்கு எனது வாழ்த்துகள்!
நரேந்திர மோடி  
01-02-2022

வைரம் வாங்குபவர்கள் எழுககள். குளை வாங்குபவர்கள் செல்வந்தர்கள் அப்படித்தானே ji.
",Troll/Oppose,Troll/Oppose Against Person
217,"மக்கள்‌ பணத்தை கொள்ளையடித்தவர்களை விடமாட்டேன்‌:

ஸ்டாலின்‌ ஆவேசம்‌

   
கண்ணாடியை பார்த்து பேசிக்கிட்‌
இருக்கீங்க தலைவரே...",Troll/Oppose,Troll/Oppose Against Person
218,"9 AM சிறப்பு காட்சிக்கு அனுமதி அளித்த
மாண்புமிகு
தமிழக முதலமைச்சர்
வருங்கால மாண்புமிகு நன்றிகள்

Karuppu team thanks CM Vijay
for the grand special shows",Support/Praise,Support for person
219,"உள்ளாட்சித்‌ தேர்தலில்‌ அதிமுக, திமுகவுக்கு
பாஜக கடும்‌ சவாலாக இருக்கும்‌: தமிழிசை
சவால்‌ சாஸ்தியா இருக்குமாமேடா",Troll/Oppose,Troll/Oppose Against Person
220,"சண்டை செய்றோம்...
திமுக+ : 50
அதிமுக+ : 69
தவெக : 97
நாதக : 0",Support/Praise,Support for party
221,"Oru Thalaivan VS Motha Arasiyal System!

“Singam Single aa thaan varum”!",Support/Praise,Support for party
222,"குடும்பத் தலைவிகளுக்கு 
மாதந்தோறும்
ரூ.1000

மகளிருக்கு ஆண்களுக்கு
6 சிலிண்டர் இலவசம்.
மாதம் ரூ.1500..!

YESTERDAY             TODAY

SHOWKALIS_SWAG

Sabaash Sariyana Potti...!!!
",Troll/Oppose,Troll/Oppose Against Party
223,"

புதிய
*சிறப்பு அந்தஸ்து ரத்து என்பது ஜனநாயகப் படுகொலை' | ஜம்மு-காஷ்மீர் மக்களின் ஒப்புதலை பெறாமல்
சட்டப்பிரிவு 370ஐ ரத்து செய்து ஜனநாயகப் படுகொலையை அரங்கேற்றி விட்டனர்
#VR
-திமுக தலைவர் மு.க.ஸ்டாலின்

ஸ்டாலின்
மக்கள்
கட்ச தீவு, மீத்தேன் கையெழுத்து, மது ஆலைகள் திறப்பு இதெல்லாம் மக்களை கேட்டா நீங்க செஞ்சீங்க??",Troll/Oppose,Troll/Oppose Against Person
224,"""மேசையில் வைத்திருக்கும் கணிப்பொறியை இயக்க தெரியாததால் அதிமுக வெளிநடுப்பு..""

அதிமுக:
""நாங்க வெளி நடப்பு செய்வோம், எங்களுக்க அந்த கணிப்பொறியெல்லாம் இயக்க தெரியாது என்று தெரிஞ்சே தான் இப்படி அசிங்கப்படுத்துறீங்கா..?""
திமுக:
""என்னடா இப்போ, ஆமா தெரியுதே தான் பண்றோம்..."" ",Troll/Oppose,Troll/Oppose Against Party
225,"60 வயதுக்கு மேற்பட்டவர்களுக்கு இலவச பால் வழங்கப்படும் —அரசு பேட்டி அறிவிப்பு

அம்மா, நான் அடுத்த ஆண்டு 100 வயதுக்கு மேற்பட்டவர்களுக்கு இலவச பசு வழங்கப்படும் சொல்லிட்டேன்... இப்படிப் என் ஐடியா...

பசு விடு, இப்ப தேவை சிறிதுச்சமையல். 60 வயதுக்கு மேலானவர்களுக்கு இலவச பால் வாரந்துகோ...

",Troll/Oppose,Troll/Oppose Against Person
226,என்னய்யா 117 Mla ஆதரவு வருமான்ட்டு பார்த்தமா ஒரே சொருகு 144 Mla,Support/Praise,Support for party
227,"Reports: EPS spoke with Vijay and proposed TVK-AIADMK alliance to remove DMK Govt from the power!
மிழக
thinkit",Troll/Oppose,Troll/Oppose Against Person
228,"Thalapathy Vijay-in makkal sandhippu payanathirkaana vazhikaattugal:  Vaganam pin thodaru & pattasu vedippu thavirkavum Karppinikal, kuzhanthaigal, mudhiyor –naeralil kaanavum Poakkuvarathu & ambulance thadayinri irukka vendum Kaaval thurai vidhikal pinpatravum  Nigazhchi mudinthavudan amaidhiyaaga sellavum TVKVIJAY #Ungavijay_Naa_Varan",Support/Praise,Support for person
229,"அன்று புரட்சித் தலைவர்...
இன்று தமிழக வெற்றிக் கழகத் தலைவர்!

60 ஆண்டுகால வரலாற்றை
மாற்றியமைக்க மக்கள் தீர்ப்பு.

2026 – புதிய சகாப்தம்!",Support/Praise,Support for person
230,ஊரு முழுக்க வம்பு இழுத்து வச்சிருக்கோம். ஜெயிச்சிரு ராசா,Troll/Oppose,Troll/Oppose Against Person
231,"எஸ்.மாங்குடி

வித்தியாசம்

ஹெச்.ராஜா
2,986
5,409
2,423
H.Raja *
# Modi
NOTA va Jeichachu la Coach",Troll/Oppose,Troll/Oppose Against Person
232,"திமுகவை திட்டி போஸ்ட்‌
போட்டுட்டே இருக்கீங்க ஃபிரி
டைம்ல என்ன பண்ணுவீங்க

உபிஸ்
செ...
ME

திமுகவை எப்படி தித்தர்துன்னு யோசிப்பேன்",Troll/Oppose,Troll/Oppose Against Person
233,"க்குழு கூட்டுவோமா?
தத்தான செல்லாதுன்னு சொன்

கோர்ட்டுக்கு போவோமா?
அதுன்னு சொன்னதே கோட்

ம் பேசுவோமா?
வார்த்தை சரிப்பட்டு வரலையன்
டு போனதே..

என்னடா பண்ண?

மே ஜெயம்!!
((ஜெய))லவிதா அம்மா,
எம்.ஜி.ராமச் ((சந்திரன்))
தலைவர்களின் பூத உல்
அம்மா எதோ ஒரு ரூபத்தில்
திறவிட முன்ேற்றுக்
நடந்துவந்தன்களை கண்
வழி நடத்தை என்பதற்கு இன்று
ஜயா உயர் திரு.ஜெயச்சந்திரன்",Troll/Oppose,Troll/Oppose Against Person
234,"ஜெயாவுக்கு பாதா ரத்னா விருது கேட்ட MPக்கள்

1. (அதிமுக MPக்கள்):
எங்க அம்மாக்கு பாதா ரத்னா விருது வேணும்

2. (Central GOVT):
விநாயகர் கிடையாதா, ஓடிப் போங்க!!

3. (அதிமுக MPக்கள்):
Stickerவா ஓடி இருக்கோம் கொஞ்சம் பார்த்து சிரிக்கணும்னு!!

4. (Central GOVT):
Stickerலாம் ஓடி இருக்கக்கூடாதா பா!!",Troll/Oppose,Troll/Oppose Against Person
235,"சட்டமன்ற தேர்தலில் தனிப்பெருங்கட்சியாக உருவெடுத்துள்ள நிலையில், ஆளுநருக்கு தவக தலைவர் விஜய் கடிதம்..!",Support/Praise,Support for party
236,நாளைய விடியல் மக்களோட வாழ்க்கைக்கான நல்ல விடியலா இருக்கட்டும்..!,Support/Praise,Support for party
237,"Yesterday During the statewide campaign when EPS spoke about alliance, AIADMK cadres were waving TVK flags!
thinkit
POLIMER NENS
EPS said, Anga paarunga, kodi parakkudhu, kootaniku Pillayar suzhi potanga!",Support/Praise,Support for party
238,"லோக்சபாவில்‌ ஜெ.வை பாராட்டிய பியுஷ்‌
கோயல்‌ இப்போது குறை கூறுவது நாலாந்தர
அரியல்‌: நத்தம்‌ விஸ்வநாதன்‌.
அது வேற வாயி... இது நாற வாயி...",Troll/Oppose,Troll/Oppose Against Person
239,"காமராசர் படிக்க வைக்க பாடுப்பட்டார்


திராவிட மாடல் குடிக்க வைக்க பாடுபடுகிறாது
",Troll/Oppose,Troll/Oppose Against Party
240,"தூத்துக்குடி ஸ்டெர்லைட் போராட்டத்தின் போது போலீசார் நடத்திய துப்பாக்கிச்சுட்டில் 5 பேர் உயிரிழப்பு

வெளிநாடு முதலாளிக்காக சென்ற மக்களை இப்படி கொலை செஞ்சீ என்னத்தா சாத்திக்க போறீங்க..

#BanSterlite",Troll/Oppose,Troll/Oppose Against Party
241,"நாட்டில் உள்ள அனைத்து பொதுத்துறை நிறுவனங்களையும் தனியாருக்கு விற்றாயிற்று... இனி விற்க எதுவுமே இல்லை மன்னா இனி என்ன செய்வது..?

நாட்டு மக்களுக்கு இரண்டு கிட்னிகள் இருக்கிறது அல்லவா அதில் ஒன்றை எடுத்து அயல் நாடுகளில் விற்க உடனடியாக ஏற்பாடு செய்யுங்கள்...

",Troll/Oppose,Troll/Oppose Against Party
242,"சீமான் எதுவும் நமராக கூறவில்லை. தமிழர் நலனையும் 
வடக்ககளை எப்படித் தனிப்பட்டது என்றுபேசுகிறார். 
இந்தகில்லாம கதையா சொல்வேன் நம்ம பக்தர்களான் போட்டா...

சிரிச்சிகிட்டே,,,, சொல்றேன்  
சிரியசா,,,, செய்வேன்
",Troll/Oppose,Troll/Oppose Against Person
243,"கேள்விக்கென்ன பதில்  
INTERVIEW WITH NANJIL SAMPATH
",Troll/Oppose,Troll/Oppose Against Person
244,"அண்ணனுக்கு நெட்டிசன்ஸ்‌ வச்ச
புது பெயர்‌.. தவளைவாயன்‌....

தவளை தன்‌ வாயால்‌ கெடும்‌... தானே
பேசி இப்ப மாட்டிகிட்டு முழிக்கிறார்‌..
ஆகையால்‌ தவளை வாயன்‌
பொருத்தமான பெயர்‌ தான்",Troll/Oppose,Troll/Oppose Against Person
245,"விஜய் முதலவரா பதவி ஏற்ற பிறகு...

நியூஸ் சேனல் பார்க்குறதுக்கு
அடிக்ட் ஆயிட்டேன் போல....",Support/Praise,Support for person
246,"WE STAND WITH THALAPATHY VIJAY
அப்படியே நின்னது நால தான்டா செத்தான்",Troll/Oppose,Troll/Oppose Against Person
247,"தின மலர்
அதிரடி நடவடிக்கை!
அண்ணாமலை கடைச்சல் அதிகரிப்பால் ஸ்டாலின்...
51 ஐ.ஏ.எஸ்., அதிகாரிகள் ஒரே நாளில் இடமாற்றம்
மக்களின் நல்வாழ்வுத் திட்டத்திற்கு புதிய செயல் திட்டம்
ஊழல் புகார்களால் உருவான களங்கம் தீர்க்க முயற்சி
Annamalai annan
Enaya samalikave mudiyala la

",Troll/Oppose,Troll/Oppose Against Person
248,"Admk  Bjp status
பதந்தி மூட்ட கூடோன்லயே இருந்துருக்கலாம்

ஆளுமை எடப்பாடி
மோடி
அதிமுக தொண்டர்கள்

பாஜகவை விமர்சிக்க வேண்டாம் - அதிமுக அறிவுறுத்தல்

பொதுவெளியில் பாஜக குறித்த எந்த கருத்தையும்
விமர்சனங்களையும் முன்வைக்க வேண்டாம் என
மாநில செயலாளர்கள் கூட்டத்தில் அதிமுக
நிர்வாகிகளுக்கு கடும் தலையாய அறிவுறுத்தல்
",Troll/Oppose,Troll/Oppose Against Party
249,"Three major promises
in the swearing-in ceremony

Free 200 unit electricity
Special force for women safety
Action against drug mafia",Support/Praise,Support for party
250,"முன்னான் நிலை:
பணம் இல்லாததால்
படிப்பை தொடருது
ரொம்ப கஷ்டம்... 

இப்போ நிலை:
மாதம் ₹1000
கிடைக்குது...
இப்போ நிம்மதியா
படிக்க முடிகிறது! 

பணக்கஷ்டம் தான்
படிப்புக்குத் தடையாக இருந்தது

பணக்கஷ்டம் நீங்க,
படிப்பில் முன்னேற்றம்!

கல்லூரி மாணவிகளுக்கு
மாதம் ₹1000 -
படிப்புக்குத் தடையாக இருந்த
பணக்கஷ்டத்தை நீக்கிய சாதனை.",Support/Praise,Support for party
251,"இனிய பிறந்தநாள் வாழ்த்துக்கள்  
ஆமை கறி குடி தேசிய கோமாளி சைமா",Troll/Oppose,Troll/Oppose Against Person
252,"
ஜனநாயகத்‌ தேர்தல்‌ மூலம்‌ அதிகாரத்தைக்‌

கைப்பற்றும்‌ ஒரு பாசிசவாதியை மீண்டும்‌

ஜனநாயகத்‌ தேர்தல்களால்‌ வீழ்த்த முடியாது...
- ஆர்தர்‌ கோஸ்ட்லர்‌",Troll/Oppose,Troll/Oppose Against Person
253,"அண்ணாமலை  
தோழி : அரசு குறைசல்  
FAILED  
* sanghis  
new sanghis  

Dei bhargav unga ellathayu veeda  
adhigama aattam potavanda, avanukkey  
aapu vachutaanga da....
",Troll/Oppose,Troll/Oppose Against Person
254,"Indian diaspora
The greatest leader? Modi....Modi....
The greatest country?
New India
Then go back to Modi and
Make India Great Again",Troll/Oppose,Troll/Oppose Against Person
255,"விஜய் கவியின் கொலைக்கு வாசே திறக்கல, ஜாதி ஓட்டு எதிர்பாக்குறா!
ஜாதி ஓட்டு 
ஆனவப் படுகொலை - தனி சட்டம் 
சொல் அல்ல முக்கியம், செயல்! செயல்!! செயல்!!!”",Support/Praise,Support for person
256,"
விவசாயிகளுக்காக எந்த தியாகத்தையும் செய்யத் தயார்

எடப்பாடி பழனிச்சாமி
சுஜாயல் 8 வழிச்சாலையால் பாதிக்கப்பட்ட விவசாயிகள்",Troll/Oppose,Troll/Oppose Against Person
257,"நம்பிக்கை இல்லாததால்தான் நாம் இரண்டு
தொகுதிகளில் போட்டியிட்டதாகக் கூறினார் மாண்புமிகு
எதிர்க்கட்சித் தலைவர். நம் வெற்றியின் வீச்சு
எப்படி இருந்தது என்பதைக் கொளத்தூர் உள்ளிட்ட தொகுதிகளில் பார்த்தும்கூடவா புரியவில்லை?",Support/Praise,Support for party
258,"Anbumani - ஆகிய நாள் !! #2
Anbumani Ramadoss Crying Troll",Troll/Oppose,Troll/Oppose Against Person
259,"இந்தியாவில் மீண்டும் கொரோனா பாதிப்பு அதிகரித்துவரும் நிலையில், அனைத்து மாநில முதல்வர்கள் உடன் பிரதமர் மோடி நாளை மறுநாள் ஆலோசனை நடத்த உள்ளதாக தகவல்

""KANNAYIRAM ANDHA WEPONSEEYY YEDU",Troll/Oppose,Troll/Oppose Against Person
260,"என்ன இப்ப அவனை அடிச்சீங்க?
சம்பத்தை பதவிய விட தூக்கிட்டாங்கனு
இன்னொருவன் யாரு வெச்சிருக்கான்னு கேட்றான்

",Troll/Oppose,Troll/Oppose Against Person
261,முதலமைச்சர் விஜய் அவர்கள் in the assembly..,Support/Praise,Support for person
262,"
தலைகீழா நின்னா கூட தலைக்கு மேல
தண்ணி ஓடுற அந்த இடத்துக்கு ஏன் கண்ணு போட்ல போன,,
#கோமாளி_அண்ணாமலை
",Troll/Oppose,Troll/Oppose Against Person
263,"

தேர்தல் முடிவுகள் 2021
3-ஆம் இடத்தில்
சீமான்...!

அதிமுக

திமுக

அவங்களுக்கு ஒட்டு போட்டவங்க எல்லாம் சோத்துல உப்பு போட்டு சாப்டுரவங்க..!",Support/Praise,Support for person
264,"தமிழக மக்களுக்காக
சிறையில் மாதக்கணக்கில் வீரதம் இருந்தேன் – சசிகலா

அரசியல் வரலாற்றுலயே இப்படி யாரும் இருந்தது இல்லடா",Troll/Oppose,Troll/Oppose Against Person
265,"சீமான் பேசும் அரசியல் ஆபத்தானது.. யாருக்கு?
~ வேற யாருக்கு.. எங்களுக்குதான்
",Troll/Oppose,Troll/Oppose Against Party
266,"தலைவர நம்ம கூட்டணிக்கு பிரச்சாரம்‌ செய்ய
ராகுல்‌ தமிழ்நாட்டுக்கு வராரு தலைவரே!

ஐயோ, அந்த ஆளு பிரச்சாரம்‌ மண்ண நமக்கு
கிடைக்கிற 1௦ தொகுதிகூட கிடைக்காதே!",Troll/Oppose,Troll/Oppose Against Person
267,"தமிழ்நாட்டில் உள்ள 1000 கோயில்களை புதுமை செய்து
குடமுழுக்கு விழா நடத்திய
ஓரே தலைவர்",Support/Praise,Support for person
268,Label: வீர் (Beer bottle labeled with image of Tamil Nadu CM M. K. Stalin doing gym workout),Troll/Oppose,Troll/Oppose Against Person
269,"ஃபீலிங் ஆஃப் நாஞ்சில் சம்பத்

சிவனென்னு இருந்தவன இப்படி பண்ணிட்டீங்களே டா
",Troll/Oppose,Troll/Oppose Against Person
270,"5 வருடத்தில் 19 மடங்கு வருமானத்தை அதிகரித்த வேலூர் திமுக MP கதிர் ஆனந்த்

வருமானம்  
2018-19 — 0.62 கோடி  
2019-20 — 1.19 கோடி  
2020-21 — 0.85 கோடி  
2021-22 — 2.04 கோடி  
2022-23 — 11.99 கோடி

பள பள வருமானம் வந்தது எப்படி?

KNOW YOUR CANDIDATES  
ELECTION - 2024
",Troll/Oppose,Troll/Oppose Against Person
271,"காந்தி எப்படி தற்கொலை செய்து கொண்டார்..?
– குஜராத் பள்ளி தேர்வில் கேட்கப்பட்ட கேள்வியால் அதிர்ச்சி

சங்கி

கேட்ட சே துப்பாக்கி சூடும் பயிர்சி எடுக்கும் போது
குறுக்க போயிருப்பார்னு நினைக்குறேன் சார்",Troll/Oppose,Troll/Oppose Against Person
272,"ரேடியோவுல ஜியோட மங்கி பாத் கேட்டிங்களா…

வடநாடு தமிழ்நாடு

வடநாடு தமிழ்நாடு

இங்க ஆண்ட்ராய்டு போன்ல ஆன்லைன் கிளாஸ் நடக்குது,மவனே மங்கிபாத்து,பகளாபாத்துன்னு,ஓடிரு…",Troll/Oppose,Troll/Oppose Against Party
273,கொள்கைக் கடலில்க cute திராவிடர்,Troll/Oppose,Troll/Oppose Against Party
274,"தேர்த்தவுக்கு முன்..
தேர்த்தவுக்கு பின்..
பணம் பதிக்கும் செய்யும்..",Troll/Oppose,Troll/Oppose Against Person
275,"குற்றச்சாட்டில் சிக்கியவர்களுக்கு ‘சீட்’ இல்லை
— ஜெயலலிதா
அப்ப உனக்கே சீட் இல்லையா தாய்!!",Troll/Oppose,Troll/Oppose Against Person
276,"ஒரே வார்த்தையில் அண்ணாமலையை
நாக் அவுட் செய்த திருமா
",Troll/Oppose,Troll/Oppose Against Person
277,"History repeats again after 60 years..

Descent and healthy Politics...",Support/Praise,Support for party
278,வெற்றி பெற்றுள்ளார்...,Support/Praise,Support for person
279,"முதல் இலகை வாக்குறுதி

#JayaFails

வார்த்த பாலமாக

வாழ்க்கை சூப்பராக

ஒரு கட்டிங் வாங்கினா, இரண்டு சைடிஸ் இலகைசம்

",Troll/Oppose,Troll/Oppose Against Person
280,"அதிமுக அம்மா.. அதிமுக புரட்சித் தலைவி அம்மா.!

இந்தத் தெளிவு உங்களை எங்கேயோ கொண்டு போகப் போகுது!
",Troll/Oppose,Troll/Oppose Against Party
281,"நிருபர்: நடிகர் விஜய் கட்சி கொடி அறிமுகப்படுத்தி இருக்காரு..அதை நீங்க எப்படி பார்க்கறீங்க?

துரைமுருகன்: பறக்கும் போது பாப்பேன்

Nakkal ya Unaku",Troll/Oppose,Troll/Oppose Against Person
282,"ஜெயலலிதா மட்டும்‌ இந்த லாக்‌ டவுன்‌
சமயத்துல இருந்துருக்கணும்‌.

ஜெயலலிதாவே 75 நாள்‌ லாக்டவுன்ல
தாண்டா இருந்துச்சு வெண்ண",Troll/Oppose,Troll/Oppose Against Person
283,"அம்மா என இப்போதைக்கு ஓடிக்கொண்டிருக்கும் முன்னாள் மாணவர் கூட்டணி தலைவர்கள்

#JayaFails

மாடு உழுத சிரிப்பு பயந்துகிட்டு இருக்குோமா!!!
",Troll/Oppose,Troll/Oppose Against Person
284,"எடுப்பஸ்:- மத்திய அரசு, மத்திய
அரசு என்றே அழைக்க வேண்டும்..

அரசியலமைப்பு சட்டத்த ஒழுங்கா
படிச்சுட்டு வா போ...",Troll/Oppose,Troll/Oppose Against Person
285,2026 AFTER TN ELECTION RESULT,Troll/Oppose,Troll/Oppose Against Party
286,"

எல்லோருக்கும் நான் ALL PASS போட்டேன்.
~EPS
ஆனா கடைசில, என்ன எல்லாரும் FAIL ஆக்கிடாங்கலே!!",Troll/Oppose,Troll/Oppose Against Person
287,"தமிழக மக்களுக்கு கடவுள் ராமர் கிடையாது -அமீர்

தமிழ் மக்கள்
அப்படினா அல்லாஹ் மட்டும் தமிழரா?",Troll/Oppose,Troll/Oppose Against Person
288,,Troll/Oppose,Troll/Oppose Against Person
289,இது A1 ல?    இப்ப இதான் A1,Troll/Oppose,Troll/Oppose Against Person
290,"மக்கள் கிட்ட:
41 கொலைக்கும் காரணம் செந்தில் பாலாஜி தான்
நீதிபதி கிட்ட:
a Samooganidhi
எல்லாத்துக்கும் காரணம் எங்க கரூர் மாவட்ட செயலாளர் தான்யா
",Troll/Oppose,Troll/Oppose Against Person
291,"திமுக சார்பாக சட்டமன்ற போட்ழமிட 200 பேர்‌ மட்டிமே.
விருபீய மனு வெற்றுள்ளனர்‌..

     

நைனா 234 தொகுதிக்கு ஆள்‌ கிடைப்பாங்க அனு
டவுட்டா இருக்கே?",Troll/Oppose,Troll/Oppose Against Person
292,"ஏய் யார்ரா அது திமுக அதிமுக ஓட்ட மாட்டுமே
எண்ணிக்கிட்டு இருக்கு ரா..
எங்க கட்சி ஓட்ட எப்படா எண்ணுவீங்க..
",Troll/Oppose,Troll/Oppose Against Person
293,"UNGALA PAATHA VIJAYAKANTH MADIRI IRUKU
NAN VIJAYAKANTH THAN DA VENNA
",Troll/Oppose,Troll/Oppose Against Person
294,"நம்ம ஜெயிச்சுட்டோம் ஒரு ஆட்டம்
அடிப்பக்கலாம்னு.. நினைச்சீங்களா..

அந்த எண்ணத்த அடியோடு
அழிச்சிடுங்க…",Support/Praise,Support for person
295,"AEII... 'RAA PICHAKAARAN'
ELECTION LA THOTHUTAANAMEY DA
AIYO CAPTAIN.. ADHU RAJAPAKSA
THERINJU DHAAN DA THAMBI GALAAICHAEN !!
",Troll/Oppose,Troll/Oppose Against Person
296,"Unakku Oru Vote Ku ₹500 Tharuve.. Enakku Mattum Ne Vote Podala..!!

Bhaaaaa..!!??",Troll/Oppose,Troll/Oppose Against Person
297,இருக்கேன் உங்கள பாத்துக்குறேன் கவலைப்படாதீங்க .. பேரவையில் அழுத பண்ருட்டி அதிமுக எம்எல்ஏ-விடம் தைரியம் கூறிய முதலமைச்சர் விஜய்..!,Support/Praise,Support for person
298,"ராயபுரத்தில் ஜெயிச்சிட்டாரு பா 

இதெல்லாம் சில கட்சிகளால கனவுல கூட
நடக்காது 

#tvk | #tnelection2026",Support/Praise,Support for party
299,"திறன்மிகு வகுப்பறைகள் திட்டத்தை அறிமுகம் செய்த ஒரே தலைவன்
ஒரே தலைவன்",Support/Praise,Support for person
300,"

தவெக வழக்கு பதிவு செய்த நாள்
13/4/2025
Thu fraudu kara paya",Troll/Oppose,Troll/Oppose Against Party
301,"யாரு எப்போ ஆட்சி பண்ணாங்கள்னு கூட தெரியாத நீயெல்லாம் ஒரு ஆளு
",Troll/Oppose,Troll/Oppose Against Person
302,"அதிமுக ஜெயித்தால் ‘கபாலி’ பீஷோ: நெல்லை ரஜினி ரசிகர்கள் அறிவிப்பு

கருணாநா இது புதுசால்ல இருக்கு!",Troll/Oppose,Troll/Oppose Against Party
303,"ஒரு ஆசிரியர் கேள்விக்கு பிரதமர் மோடி பதில்

பாடத்தின் மீது முழு கவனம் இருந்தால்
ஆன்லைனிலும் சிறப்பாக படிக்கலாம்

பள்ளியில் அமர்ந்து ஆசிரியரை பார்த்தாலும் முழுகவனம்
பாடத்தில் இல்லையென்றால் சரியாக கற்க முடியாது

- ஒரு பள்ளி ஆசிரியர் சந்திரகூடேஸ்வரன் எழுப்பிய
கேள்விக்கு பிரதமர் மோடி பதில்

ஜி.. டெல்லிப்ராம்ப்டர் ல உங்களுக்கு முழு
கவனம் இருக்குற மாதிரி!
",Troll/Oppose,Troll/Oppose Against Person
304,"குடும்ப தலைவர் 1000/-
திமுக
அதிமுக
குடும்ப தலைவர் 1500/- + 6 சில்லிண்டர்
குடும்ப தலைவர் நா ஒருத்தன் இருக்கேன் டா என்னையும் கவனிங்க
",Troll/Oppose,Troll/Oppose Against Party
305,"கல்விப் புரட்சி செய்ய
மீண்டும் ஒரு தலைவர் வந்திருக்கிறார்.

காமராஜர் வழி நீற்று
களம் காணும் தளபதி!",Support/Praise,Support for person
306,"
இருசக்கர வாகனங்களை விற்கும் நிறுவனங்களே ஹெல்மெட்டையும் இலவசமாக வழங்க வேண்டும் தமிழிசை கோரிக்கை.
மக்கள்
இப்போ விக்கிற பெட்ரோல் விலைக்கு பைக்கே இலவசமா குடுத்தாலும் வேண்டாம் தாயே",Troll/Oppose,Troll/Oppose Against Person
307,"BREAKING NEWS:
ஆட்டோ ரிக்ஷா-வுக்கு புதிதாக தொப்பி சின்னத்தை ஒதுக்க சசிகலா தரப்பு தேர்தல் ஆணையத்திற்குக் கோரிக்கை

ஹா... ஹா... ஹா...
தொப்பி ... தொப்பி ...",Troll/Oppose,Troll/Oppose Against Person
308,"ஆட்டுக்கு தடியும் நாட்டுக்கு காயிரமும் தேவைப்படுகிறது
— அஜித் அண்ணா

DMK
முதல் வெலிய ஜாவ்!",Troll/Oppose,Troll/Oppose Against Person
309,"The DMK
ரத்தத்தில் கலந்தது
உறிமை முழக்கம் · நல்லாட்சி",Support/Praise,Support for party
310,"

சாலை பணிக்கான டெண்டர்களில் முதல்வர் குடும்பத்தினர் மீது பல ஆயிரம் கோடி ரூபாய் ஊழல் புகார். செய்தி


நீங்க இருக்குற தைரியத்துல தாண்ணே நான் இதெல்லாம் பண்றேன்.",Troll/Oppose,Troll/Oppose Against Person
311,"

திமுகவில் இருந்து 2 பேர் நீக்கம்

மதுரவாயல் பகுதியில் அம்மா உணவகத்தின் பெயர் பலகையை நீக்கிய திமுகவை சேர்ந்த 2 பேர் கட்சியில் இருந்து நீக்கம்

முதலமைச்சராக பதவியேற்கவுள்ள மு.க.ஸ்டாலின் உத்தரவு

Stalin*

# That Comalis

5 Varusha Contract la Mannalli Potrathinga da.!",Troll/Oppose,Troll/Oppose Against Person
312,"சென்ட்ரல்‌ லயே ரெண்டு லேபில்‌ தா பெரிய
லேபில்‌ .. ஒன்னு செந்தில்‌.. இன்னொன்னு   see more.....",Troll/Oppose,Troll/Oppose Against Person
313,"இன்னும் 10 ஆண்டுகளுக்கு பழனிச்சாமி
தான் முதலவர் என ஜோதிர்
சொல்லிவிட்டார் - உதயகுமார்

ஜோசியரே சொல்லிட்டாராம் அப்புறம்
எதுக்கு இவங்களுக்கு ஓட்டு போட்டுக்கிட்டு..
வாங்கயா போகலாம்",Troll/Oppose,Troll/Oppose Against Person
314,,Troll/Oppose,Troll/Oppose Against Person
315,"அ.தி.மு.க.வில் இருந்து ஒதுக்குவதாக எடுத்த முடிவுக்கு வருவதம் எதுமில்லை
- டி.டி.வி. தினகரன்

நீங்க மறுபடியும் வெளிநாட்டுக்கே போயிடுங்க!
*TTV
*மக்கள்
",Troll/Oppose,Troll/Oppose Against Person
316,"விஜய தம்பி பண்ணவே
விமர்சனுங்க போல…

ஜோசிய காரனுக்கு அரசு பதவி சொல்லி
சும்மா காமெடி உடனே
அவரு அத நத்து பண்ணிட்டாரு…

இதே விஷயம் அரசியல் பண்ணாமலே
நெனச்சு oopis வாயில
லாலிபாப் வச்சிட்டாரு… 

“இப்படியே அவரு பண்ணுற எல்லா தமாஷும்
சும்மா காட்டு அவ திருத்தும்…
2031 ல முதலவர் ஆகிடும்…",Support/Praise,Support for person
317,"1 மில்லியன் டாலர்  
பொருளாதார இலக்கை  
தொட்டங்கிய வைத்த  
ஓரே தலைவன்
",Support/Praise,Support for person
318,,Troll/Oppose,Troll/Oppose Against Party
319,"எல்லோருக்கும் நான் ALL PASS போட்டேன்.

ஆனா கடைசில , என்ன எல்லாரும் FAIL ஆக்கிடாங்கலே !!
",Troll/Oppose,Troll/Oppose Against Person
320,"பச்சைப் பொய் பேசும் விஜய்!
என்ன விடவா...???
",Troll/Oppose,Troll/Oppose Against Person
321,"VIJAY – LEADING TAMIL NADU TO A NEW ERA

2031 – CM VIJAY
AGE: 57
BORN: 1974

2036 – CM VIJAY
AGE: 62
BORN: 1974

2041 – CM VIJAY
AGE: 67
BORN: 1974

2046 – CM VIJAY
AGE: 72
BORN: 1974",Support/Praise,Support for party
322,"குடியுரிமை சட்டத்தை திரும்ப பெறாவிட்டால் பிரதமர் மோடியை திரும்ப பெற
அதிக நேரம் ஆகாது
திருப்பிக் கலாய்க்கலாம்ணு பாத்தா...
இப்போ இவன் எந்தக் கட்சில இருக்குறான்ணு தெரியலையே...",Troll/Oppose,Troll/Oppose Against Person
323,Frame paarunga ji,Support/Praise,Support for person
324,"தொழிலாளர்களை தேடி மருத்துவம் திட்டத்தை
அறிமுகம் செய்த
ஒரே தலைவர்
",Support/Praise,Support for person
325,என்னப்பா அறிவிச்சிடலாமா?,Troll/Oppose,Troll/Oppose Against Person
326,"TVK Members ku Politics Theriyala kikibikii...
; அரசியல் கத்துக்க எங்களால முடியும் ஊழல் பண்ணாம ஆட்சி நடத்த உங்களால முடியுமா?",Support/Praise,Support for party
327,"அதிமுகவ திட்ட்ரான் பாரு அவன நம்பு..
கவ கழுவி ஊற்றுரான் பாரு அவன கூட நம்பு..

ஆனா திமுக ஆட்சிக்கு வந்தா எல்லாம் சரியாகிடும் சொல்றான் பாரு அவனை மட்டும் நம்பாத!",Troll/Oppose,Troll/Oppose Against Party
328,"சிங்கப்பாதை:
ஆரம்பித்த இரண்டு ஆண்டுகளில்
கோட்டையை பிடித்த தலைவர்!

TVK
தமிழக வெற்றிக் கழகம்

மக்கள் வலிமை
மாற்றம் நிச்சயம்
எதிர்காலம் நம்மிடம்

#TVK வெற்றி நிச்சயம்!",Support/Praise,Support for person
329,"அட வெட்கம் கிடையாதுங்களா.. இதுக்கு எதுக்குடா  
திமுகவில் இருக்கணும் பேச்சா பாஜகவில் சேர்ந்து  
மாட்டு பசுவை குமுக்க வேணடிய தானா!
",Troll/Oppose,Troll/Oppose Against Party
330,"மாணவர்கள் இந்தியாவிலேயே படிக்க வேண்டும்
“மாணவர்கள் மருத்துவம் படிக்க சின்னஞ்சிறிய வெளிநாடுகளுக்கு செல்லாமல், இந்தியாவிலேயே படிக்க வேண்டும்;
வெளிநாட்டில் மருத்துவம் படிப்பதால் பல்லாயிரம் கோடி ரூபாய் நாட்டை விட்டு செல்கிறது!”
உக்கிரத்தில் போர் முன்னே, மருத்துவம் படிக்க சென்று இந்தியர்கள் பலர் சிக்கித்தவிக்கும் சூழலில் பிரதமர் மோடி பேசியது.
close enough
chai! epa pathalum kaasu kaasu nu",Troll/Oppose,Troll/Oppose Against Person
331,"#DMKfails
இதெல்லாம் நம்புற மாதிரியா இருக்கு...

நம்புனாதான் சோறு போட்டுவாங்க பரவால்லியா..",Troll/Oppose,Troll/Oppose Against Party
332,"தமிழ்நாட்டு ராணுவ வீரர்களுக்கான  
கருணைத் தொகையை  
ரூ.40 லட்சமாக உயர்த்திய  
ஒரே தலைவன்
",Support/Praise,Support for person
333,"பணத்துக்காகவே கவலை

சத்தியராஜ், கல்மஹாசின் தமிழ்நாட்டும், தமிழர் உணர்வு மேலோட்டமானது. 2 பேரும் பணத்துக்காக மட்டுமே கவலைப்படுகிறார்கள்
- ஹெச். ராஜா

Mr. எச். ராஜாவா? நாங்க தமிழ்நாட்டுக்கு என்ன பண்னணின்னு கொஞ்சம் சொல்லுங்க...

You are Anti India.
I am not prepare for this question

இது எப்படி பதில் ஆகும்
",Troll/Oppose,Troll/Oppose Against Person
334,"செயலகத்தில் Vijay பொறுப்பேற்று உள்ளார்...
தமிழ்நாடு அரசு",Support/Praise,Support for person
335,"WELCOME TO POLITICS, na.

Savior of TamilNadu, Joseph vijay",Support/Praise,Support for person
336,"FDFS ku wait pannavangala
Daily Assembly Meeting ku
Wait panna vechutinga le ya..",Support/Praise,Support for party
337,"

எடுப்ஸ்:- மத்திய அரசை, மத்திய அரசு என்றே அழைக்க வேண்டும்..
*எடுப்ஸ்
*பரந்தாமன் (MLA)
அரசியலமைப்பு சட்டத்த ஒழுங்கா படிச்சுட்டு வா போ...",Troll/Oppose,Troll/Oppose Against Person
338,"தமிழக அரசியலில் ரஜினி புல்வாமாநாகி விடுவார் - சீமான்

பதவிச்சு பார்த்ததாலே தெரியும்யா... பட்டா வெச்சுக்கா ? வெச்சுக்காரனு
",Support/Praise,Support for person
339,"என்டா.. இந்த GSTன்னு பேசிக்கிறாங்கலே.. என்னடா அது...

GUJARATH SERVICE TAX என்னே..

குஜராத் தொழிலதிபர்கள் பேங்க்ல வாங்குன கடன் தள்ளுபடி பண்ணிட்டு,
அரசு பொதுமக்கள் டீ டீ வரிய வாங்கி அடைக்குறது என்னே..
",Troll/Oppose,Troll/Oppose Against Party
340,"""Meanwhile: outside highcourt 1991""

Va.mathi 

Mr. Su
""நீ மட்டும் எல்லாத்தையும் பார்த்துட்டல்ல!""",Troll/Oppose,Troll/Oppose Against Person
341,"பள்ளி மாணவர்களை ஊக்குவிக்கும் தீரனறி தேர்வு திட்டத்தை உருவாக்கிய
ஓரே தலைவர்",Support/Praise,Support for person
342,"கஸ்தூரி என்ன பேசினாலும்‌
எமோசன்‌ ஆகாத, இல்லேனா நாம
தெலுங்கு கூட்டம்னு தெரிஞ்சிடும்‌.",Troll/Oppose,Troll/Oppose Against Person
343,"பேரறிஞர் அண்ணா அவர்
வெற்றி பெற்ற உடனே
முதலில் பெரியாரை பார்க்க சென்றார்.

இன்று விஜய் முதல்வர் பதவி ஏற்ற பின்
முதலாவதாக தந்தை பெரியார் திடலுக்கு வந்து
பெரியாருக்கு மரியாதை செய்துள்ளார்.",Support/Praise,Support for person
344,Vijay Anna is expected to visit Avadi on 27th September #TVKCampaign,Support/Praise,Support for person
345,"“நம்ம CM முதலவன் பதத்த RECREATE பண்ணிட்டாரு இருக்காரு ”

(பலகையில்:)
CLOSED

தமிழக அரசு உத்தரவுப்படி
12.05.2026 முதல்
கடை மூடப்படுகிறது",Support/Praise,Support for party
346,பிரபாகரன் நலமுடன் உள்ளார்: ப.ழ.நெடுமாறன்,Troll/Oppose,Troll/Oppose Against Person
347,"அன்று  
அனிதாவை சரித்தாவாக மாற்றினார்...

நேற்று  
குடியரசு தினம் Dec 25 ஆக...  
சுதந்திர தினம் Jan 15 ஆகவும் மாற்றினார்...

இன்று  
யாரை வரும் முன்னே, மணியோசை வரும் பின்னே என்று யூமொரியை மாற்றி இருக்கிறார்
",Troll/Oppose,Troll/Oppose Against Person
348,தன் மீது விழுந்த ஒவ்வொரு கற்களையும் வெற்றி படிக்கட்டுகள் ஆக்கி தற்போது முதலமைச்சராக வந்திருக்கும் அவர்களுக்கு வாழ்த்துக்கள் ! தற்காலிக சபாநாயகர் கருப்பையா,Support/Praise,Support for party
349,"14 பிப்ரவரி 2017
பழனிசாமி ஊர்ந்த தினம்
7 ஆம் ஆண்டு கொண்டாட்டம்

AMMA'S SHOES
CHINNAMMA'S SHOES
PRISON
POES GARDEN",Troll/Oppose,Troll/Oppose Against Person
350,"
GOVERN OF TAMIL
டு அரசு
முதலமைச்சர்
முதல்வர் பழனிசாமி அறிவிப்பு!
“ஜூன் 15ம் தேதி நடைபெற இருந்த 10ம் வகுப்பு பொதுத்தேர்வு ரத்து”

teachers whose said, neengalam 10th la fail
than da aveenga
நம்ம நாட்டுக்கு என்னதான் ஆச்சி!!!!!",Troll/Oppose,Troll/Oppose Against Party
351,ஜெயலலிதாவே 75 நாள் லாக்கடவுன்ல தான் டா இருந்துச்சு வெண்ண,Support/Praise,Support for person
352,செல்கிறார் தலைவர் விஜய்.!! வெற்றிச் சான்றிதழுடன் அடையாறில் உள்ள பெற்றோர்கள் இல்லத்திற்கு சென்று ஆசி பெற இருக்கிறார்.,Support/Praise,Support for person
353,"நாட்டிலேயே தமிழகத்தில் தான் ஊழல் அதிகமாக உள்ளது..!
உலகிலேயே இந்தியாவில் தான் ஊழல் அதிகமாக உள்ளது..!

ங்கோத்தா டேய் சாறி ஜி
",Troll/Oppose,Troll/Oppose Against Person
354,"“நெஞ்சில் படையெல்லாம் தேவையில்லை..
2 நிமிசம் பேச்சு போதும்...அதுதான் இங்க சர்வதேச செய்தி...”",Support/Praise,Support for person
355,"ThalapathyVijay is now the most-followed Tamil actor in Instagram
with a 14.6M+ followers

Official Page handled by office of Actor Vijay",Support/Praise,Support for person
356,"நான்‌ ரயிலில்‌ டீ வித்தது
சோதனை.!

   

ரயிலையே வித்ததுதான்‌
என்‌ சாதனை.!.!",Troll/Oppose,Troll/Oppose Against Person
357,"“யார் வேண்டா அரசு தலைவர் ஆகலாம் அது சமூகநீதி, ஆனால் என் குடும்பம் மட்டும்தான் திமுக தலைவர் ஆகலாம் இது மு.க.ஸ் நீதிதான்”",Troll/Oppose,Troll/Oppose Against Person
358,"கடைசி வரை
வென்றானடா எங்கள் தலைவன். ச.ஜோசப் விஜய் எனும் நான்.!
GOVERNMENT OF TAMIL NADU
முதலமைச்சர்",Support/Praise,Support for person
359,"மனித ஜென்மமா. இருந்தா
அறிவுரை சொல்லலாம்‌.",Troll/Oppose,Troll/Oppose Against Person
360,"பெரியார் போற்றப்படும்!
பெரியார் சிந்தனை போற்றப்படும்!
எங்க அதுல ஒரு சிந்தனை சொல்லு பார்ப்போம்.",Troll/Oppose,Troll/Oppose Against Person
361,GET READY TO WITNESS THE VIJAY'S SATURDAY FOR THE REMAINING 4 MONTHS OF 2025,Support/Praise,Support for person
362,"Result அப்போ பாரு இதைவிட பயங்கரமா இருக்கும் 
தமிழகத்தில் வரலாறு படைத்தது 2026 தேர்தல்

2001 – 59.07%
2006 – 70.82%
2011 – 78.01%
2016 – 74.81%
2021 – 73.63%
2026 – 82.24%

மாலை 5 மணி",Support/Praise,Support for party
363,"ரூ.5 செலவு செய்தால் மோடியை சந்திக்கலாம்!

நாங்க எதுக்குடா எங்க கைக்காசு 5 ரூபா போட்டு இந்த சனியன் சந்திக்கனும் ??
",Troll/Oppose,Troll/Oppose Against Person
364,"நம்ம கிராம சபை என்ற புதிய செயலியை அறிமுகம் செய்த ஒரே தலைவன்
நம்ம கிராம சபை
ஒரே தலைவன்",Support/Praise,Support for person
365,"எல்லா மாநிலத்திலும் இப்படி தான்
கலவரம் பண்ணுறேன் தம்பி.
ஆனா தமிழ் நாட்டுல மட்டும் ஒரு 
கலவரம் கூட பண்ண முடியல தம்பி ஒரே 
வேதனையா இருக்கு.",Troll/Oppose,Troll/Oppose Against Person
366,தீராவிட இயக்கம் என்பது அறிவியக்கம்,Support/Praise,Support for party
367,"""என்னதான் நடக்கட்டுமே...!
கேரளத்தில் நீர் மழைடோ...!""
ED சோதனைக்கு பாஜ பாட்ட
தூமருகன் பதில்

நீங்களே ஆனா பின் வரும் துணைவரே...நீங்களே ஆனபின் வரும் கலவரமே...",Troll/Oppose,Troll/Oppose Against Person
368,"SEEMAN KGF COMEDY TROLL  
KGF படமே எனக்காக தான் எடுத்துருக்காங்க

சத்திய சோதனை
",Troll/Oppose,Troll/Oppose Against Person
369,"Government Announcing This Scheme

கலைஞர் மகளிர் உரிமை தொகை திட்டம்
செப்.15 முதல் அமலுக்கு வருகிறது
மாதம் ரூ. 1000/-
Government Releasing Terms & Conditions For This Scheme

மகளிர் உரிமை தொகை யார் யாருக்கு..?

Women's: Ennadi Ipdi Pantanga",Troll/Oppose,Troll/Oppose Against Person
370,"புதிய சகாப்தம்:
திராவிட அரசியலில்
ஒரு புதிய அத்தியாயம்

வரலாறு
திராவிட அரசியல் அத்தியாயங்கள்

சமூக நீதி போராட்டம்
மொழி உரிமை இயக்கம்
மாநில சுயாட்சி போராட்டம்
மக்கள் நல திட்டங்கள்

புதிய அத்தியாயம்
TVK
தமிழக வெற்றிக் கழகம்

மக்கள் அதிகாரம்
மாற்றமே முன்னேற்றம்
தமிழகத்தின் புதிய சகாப்தம்

வரலாறு தொடர்கிறது...

மாற்றத்திற்கான பாதை
மக்களிடமிருந்து...

மக்களால்...

தமிழகத்தின் எதிர்காலம்
இனி நாம்தான் எழுதுவோம்!

வெற்றி நிச்சயம்!
TVK",Support/Praise,Support for party
371,"ஆட்டம் காணும் பொம்மை அரசு

சொத்து குவிப்பு வழக்கு

பெண்களை இழிவாக பேசிய வழக்கு

டாஸ்மாக் ஊழல் வழக்கு",Troll/Oppose,Troll/Oppose Against Party
372,"Ennapa Staline yarume illatha idattula yarutaiya pesittu iruka""

""Ennaiya solra...Yov.. Nan mask-a mattum vachi tan mookaiyum vaayaiyum cover panna sonna.. Kannadiya vachi illaiya.. kannadiya olunga pottutu pathu pesaiya""",Troll/Oppose,Troll/Oppose Against Person
373,"""அத்திபட்டு அனல் மின் நிலையத்தில் 2.38 டன் நிலக்கரி மாயம்"" – செந்தில் பாலாஜி

ஒரு வேல இந்த பசங்க எடுத்துப் இருப்பாங்களுனு டவுட் படுறோமா?",Troll/Oppose,Troll/Oppose Against Person
374,"சூந்தல் ஆய்வு செய்யும் தெர்மாகோல் விஞ்ஞானி  
கொடநாடு கொலை கொள்ளை விவகாரம்

தொப்பி போட்டால் எப்படியெம் ஜிஆர் ஆகிவிட முடியுமா?

Kodand Murder Case

கொலை கொள்ளை
",Troll/Oppose,Troll/Oppose Against Person
375,"அப்பா உங்க
acting Coum level 3",Troll/Oppose,Troll/Oppose Against Person
376,"தமிழன்: வேலை இல்ல எந்த முன்னேற்றமும் இல்லை அப்படி இருந்தும் ஜீ'க்கு ஓட்டு போட்ரிங்கலே உங்களுக்கு குஷ்மா இல்லயாடா..

வடக்கன்ஸ்‌: எங்களுக்கு என்ன குஷ்மா.. நாங்க தான் ஓட்டு போட்டு தமிழ்நாட்டுக்கு வேலைக்கு வந்துட்டோம்
",Troll/Oppose,Troll/Oppose Against Party
377,"2026 தமிழக சட்டமன்ற தேர்தல்...
வெற்றி வாய்ப்பு யாருக்கு..? த.வெ.க (TVK): 62",Support/Praise,Support for party
378,Chief Minister உன்ன நெனச்சு நெனச்சு உருகி போனேன் மெழுகா,Troll/Oppose,Troll/Oppose Against Person
379,"ஜெயலலிதா மட்டும் இந்த லாக் டவுன் சமயத்தில் இருந்திருக்கணும்.

ஜெயலலிதாவே 75 நாள் லாக்கடவுன்ல தான் டா இருந்துச்சு வெண்ண
",Troll/Oppose,Troll/Oppose Against Person
380,"தமிழகத்தில் வேலைவாய்ப்பு அதிகளவில் உள்ளது; வெளிநாட்டு தொழிலாளர்கள் வெளியேறியதால் வேலை வாய்ப்பாக உள்ளது
- முதலவர் பழனிசாமி
எல்லாருக்கும் Degree வாங்கி கொடுத்துட்டேன்..
கொஞ்சம் பொறுமையா இருந்தா. அண்ணன் ஆளுக்கு ஒரு govt வேலை வாங்கித் தரேன்.
அப்பியாண்டேனே.. சரினேனே.. சரினேனே..
",Troll/Oppose,Troll/Oppose Against Person
381,"Anti Drug Squad...Chief minister of Tamil Nadu
C. Joseph Vijay",Support/Praise,Support for person
382,"கட்சித்தலைமை அழைத்ததால் அதிமுகவிற்கு பிரச்சாரம் செய்வேன் - மதுரை ஆதினம்

நெட்டிசன்ஸ்: வசசு செய்ய வீ ஆர் பெயிட்டிங்!",Troll/Oppose,Troll/Oppose Against Person
383,"

ஏதோ பழக்கடையாம் தலைவரே... நாலு லோடு கனிஞ்ச பழம் இருக்கு வேணுமான்னு கேக்குறாங்க!
",Troll/Oppose,Troll/Oppose Against Person
384,"நாங்கள் 39 தொகுதிகளில் வெற்றி பெறுவோம்
ANNAMALAI LATEST TROLL
தமிழக மக்கள்
கேடி ஜி",Troll/Oppose,Troll/Oppose Against Person
385,"""முகக்கவசமின்றி கொரோனாவோடு வாழ நான் பழகி விட்டேன்""

அமைச்சர் செல்லூர் ராஜூ

*SELLUR RAJA

#corana",Troll/Oppose,Troll/Oppose Against Person
386,“At TVK Campaign,Support/Praise,Support for party
387,"அரசியல் POST

1.Trending in India #GetOutModi
64K posts
X தளத்தில் உலகளவில் 2வது இடத்திலும், இந்திய அளவில் முதலிடத்திலும் ட்ரெண்டாகும்
#GETOUTMODI
D SUNNEWSTAMIL SUNNEWS sunnewslive.in
20 FEB 2025",Troll/Oppose,Troll/Oppose Against Person
388,"
“நான் எப்போதும் பதவிக்காக ஆசைப்பட மாட்டேன், சொந்தக் காலில் வருவேன்”
-முன்னாள் முதலமைச்சர், அதிமுக இணை ஒருங்கிணைப்பாளர் எடப்பாடி பழனிசாமி

Sun News

Nakkal Ya Unaku...!",Troll/Oppose,Troll/Oppose Against Person
389,"
சுத்தமான
சோம்பேறிகள்‌ எப்படி
சம்பாதிப்பது என முடிவு
கட்டி தொடங்கிய
இயக்கமே நாத்திக
இயக்கம்‌.
- கண்ணதாசன்‌",Troll/Oppose,Troll/Oppose Against Party
390,"DMK
muud TVK
அப்பா DMK
பையன் TVK
2026'ல மோதி பார்த்துரலாம்பா !
நீயா நானா யாரு பெருசுன்னு!*•",Troll/Oppose,Troll/Oppose Against Party
391,“ஒரு State -eh ரெண்டு கட்சிக்கிட்டையும் மாறி மாறி காசு வாங்கிட்டு மூனாவதா ஒரு கட்சிக்கு vote போட்டு ஜெயிக்க வச்சத இப்போதான்டா first time பாக்றேன்.”,Support/Praise,Support for party
392,"Indha election ey ipdi nah..
2031 la DMK, ADMK, BJP nu ellam onnu serndha kooda TVK ah jeikka mudiyathu",Support/Praise,Support for party
393,"தேமுதிக தனித்துப் போட்டி - விஜயகாந்த்
சத்தசபை
கலைஞர்
குபீசா கட்டுமரம்",Troll/Oppose,Troll/Oppose Against Person
394,"முக்கிய செய்தி

திமுகவில்‌ இருந்து 2 பேர்‌
நீக்கம்‌
மதுரவாயல்‌ பகுதியில்‌ அம்மா உணவகத்தின்‌
பெயர்‌ பலகையை நீக்கிய திமுகவை சேர்ந்த:
2 பேர்‌ கட்சியில்‌ இருந்து நீக்கம்‌
முதலமைச்சராக பதவியேற்கவுள்ள
மு.க.ஸ்டாலின்‌ உத்தரவு

 

Thappu senjavanga thannoda katchi nu
therinjum, odaney arrest pannatha nenacha
perumaya irukku!!!",Support/Praise,Support for person
395,"கீழடியில்‌ இரண்டு அடி தோண்டுனதும்‌
என்ன கிடைச்சது

குவாட்டர்‌ பாட்டில்‌,பிளாஸ்டிக்‌ கப்‌,வாட்டர்‌
பாக்கெட்‌, ஊறுகாய்‌ கவர்‌

அந்த முதல்‌ இரண்டு அடிதான்‌ திராவிட
வரலாறு",Troll/Oppose,Troll/Oppose Against Party
396,"அப்ப நாங்க கலம்பட்டோமா இல்ல வேற எதாவது......

ADMK
 தமிழக மக்கள்
நீங்க இது வர பண்ணதே போதும் தைவா செஞ்சி கலம்புங்கள ஜயா...",Troll/Oppose,Troll/Oppose Against Party
397,"ஏண்டா எங்க கேப்டன் ஒரு தடவ ஜெயா டிவிய கலாய்ச்சதுக்கே
உங்களுக்கு இப்புடி கோபம் வருது

எங்க கேப்டன் நீங்க எத்தனை முறை கலாய்ச்சிருப்பிங்க அப்ப எங்க
கேப்டனுக்கு எவ்ளோ கோபம் வரனும்.. எதுவா இருந்தாலும் நியாயமா பேசனும்
",Troll/Oppose,Troll/Oppose Against Party
398,"என்ன பெரிய Mike Tyson...
Mic பொய்ச்சன் kelvi patrukiya ",Troll/Oppose,Troll/Oppose Against Person
399,"மன்னர் ஆட்சி?
மதுரை கலெக்டர்
மதுரை MLA
முதல்வர் பேரன்
பத்திரபதிவு துறை அமைச்சர்
ஜல்லிக்கட்டு போராளி ராஜசேகர்

மன்னர் பரம்பரை உக்காந்து இருக்குறதும்,
அமைச்சர்கள், மாவட்ட கலெக்டர் நிக்குறதும்
திமுக ஆட்சி இல சகஜமப்பா!

",Troll/Oppose,Troll/Oppose Against Party
400,"கூட்டணி பலம் இல்லை,
அரசியல் பின்னணி இல்லை...

ஆனா மக்களோட
பேராதரவு இருக்கு!

தனிப்பெரும் கட்சியாக
TVK-வை அரசியலில் ஏற்றிய
மக்கள் புரட்சி!",Support/Praise,Support for party
401,"""அரசியலில் வெற்றி முக்கியம் ஆனால் வென்ற பிறகும் மரியாதை காட்டுவது தான் உண்மையான தலைமை. அதைத்தான் முதலமைச்சர் விஜய் நிரூபித்தார்.”",Support/Praise,Support for person
402,"என்‌பொண்டாட்டிக்கு 1000,/1500
கொடுக்க நீங்க யாரு?
தாலி கட்டுன்ன எனக்கு கஞ்சி ஊத்த
ஏதறியாதா???

 

ஆட்சி பண்ண ஏதறிஞ்சா
பண்ணுங்க வீணா அறிவிப்பை
விடாதிங்க...",Troll/Oppose,Troll/Oppose Against Party
403,"தவிட்டுக்கு ஆசைப்படும்‌ குருட்டு கோழி 
விஜயகாந்த் : ராமராஜன்  

இன்னும் தவிடு, கோழினு உங்க ஊரு பாடுக்குறானா? தான் இருக்குங்க போலயே!
",Troll/Oppose,Troll/Oppose Against Person
404,"""தேர்தல்‌ கமிஷன்‌' என்று சொன்னார்கள்‌!
அதனால்‌ தேர்தலுக்காக கமிஷன்‌ கொடுத்தேன்‌!
இது எப்படி தவறாகும் யுவ ரணர்?     தினகரன்",Troll/Oppose,Troll/Oppose Against Person
405,"இப்போதான் பாக்க லட்சணமா அழகா இருக்கு!
முதலமைச்சர்",Support/Praise,Support for person
406,"*தமிழகவெற்றிகழகம்‌
#TVKVijay",Troll/Oppose,Troll/Oppose Against Person
407,"After NASA'S emotional talk  
NASA  
MC's  

Avanae concept aakittanga  
weekend spl ah ",Troll/Oppose,Troll/Oppose Against Person
408,"சர்வதேச நீதிமன்ற அறிவிப்பு!
“உலகளவில் வேகமாக வளரும் பொருளாதாரம் கொண்ட நாடு இந்தியா;
பிரதமர் மோடி தலைமையிலான மத்திய அரசின் சீர்திருத்த நடவடிக்கைகள்
நல்ல பலனை அளித்திருக்கின்றது!”

 Ore dialogue ah than 4 varushama ottikittu irukka pola
",Troll/Oppose,Troll/Oppose Against Person
409,"யாருக்குடா கொங்குநாடு வேணும்?
நான் இந்தியாவை 39 நாடா பிரிப்பேன்
நான் தெருவுல இறங்கி விளையாண்டா அவ்வளவுதான்",Troll/Oppose,Troll/Oppose Against Person
410,"REPORTER*
7 பேர்விடுதலையில் உங்கள் நிலைப்பாடு என்ன??

*ரஜினி  
எந்த 7 பேர்?

பார்த்தீங்களா செல்லத்துக்கு ஒன்றுமே தெரியல..
",Troll/Oppose,Troll/Oppose Against Person
411,"சம்பத்  
வைகோ
",Troll/Oppose,Troll/Oppose Against Person
412,"தேர்தல் களம் அதிர தலைவன் வரான்
உங்க விஜய், நா வரேன் ",Support/Praise,Support for person
413,"பாஸ்‌ உங்களுக்கு சீமானை வைத்து
செய்யலைன்னா உறக்கமே வராதா???

 

நல்ல என்டேர்டைன்மெண்ட்‌ இருக்‌
செத்தான்‌ சீமாண்டி",Troll/Oppose,Troll/Oppose Against Person
414,"தம்பி ஜெயபால்‌ என்‌ பானிபூரி கடையிலதான்‌ பானிபூரி
விரும்பி சாப்பிடுவான்‌ இமேலும்‌ துடுபாட்டத்தில்‌
ஆஸ்திரேலியா அணிக்கு எதிரா சதம்‌ அடிச்சதும்‌
கைபேசியில்‌ அழைத்து வாழ்த்துகள்‌ சொன்னேன்‌..*",Troll/Oppose,Troll/Oppose Against Person
415,"Captain Condition Right Now  
YEMAANDHU PORAVANGA IRUKIRA VARA  
YEMAATHARAVANGA IRUNDHUKITU THAN IRRUPANGA  
ARNOLD",Troll/Oppose,Troll/Oppose Against Person
416,"நான் அப்படியே ஷாக்காயிட்டேன்!
ANBUMANI PMK TROLL
PMK YOUTH",Troll/Oppose,Troll/Oppose Against Person
417,"
SENCHITAPOCHU
செய்திகள்
இனி நான்
செருப்பணிய மாட்டேன்.
என்ன ஆனது அண்ணாமலைக்கு?
48 நாள் விரதத்தில் இருப்பேன்.
நாளை காலை 6 முறை சாட்டையால் அடித்துக்கொள்வேன்.
லண்டன் சென்றுவந்த பிறகு என்ன ஆனது
Itha tha London la poe padichiyakum",Troll/Oppose,Troll/Oppose Against Person
418,"அரசியலில் நாகரிகமும்,
முதிர்ச்சியும் தான்
ஒரு தலைவனுக்கு அழகு.

எதிர்க்கட்சியாக இருந்தாலும்
மரியாதையை விட்டுக்கொடுக்காத பண்பாளர்.
இதுதான் எங்களது
தன்னலமற்ற தலைமை!",Support/Praise,Support for person
419,"விஜய் இவராக முடியாது., விஜய் அவராக முடியாது...

இனி எவராலும் விஜய் ஆக முடியாது.!!",Support/Praise,Support for person
420,,Troll/Oppose,Troll/Oppose Against Person
421,"சம்பத்  
ஜஜ் memes  
சகிலா  
வருவான்...
",Troll/Oppose,Troll/Oppose Against Person
422,"All India RSS Chief.
Tamilnadu RSS Chief",Troll/Oppose,Troll/Oppose Against Person
423,"தேர்தல்‌ ஆணையத்தை மடக்கிய
ஓபிஎஸ்‌ அணி வக்கீலின்‌ நச்‌ பாயிண்ட்‌

 

இதான்‌ நீ நச்சுன்னு புடிச்ச பாயிண்ட்டா?'",Troll/Oppose,Troll/Oppose Against Party
424,"“2026 election scenario be like:
fans: Machi marakama TVK katchi vote potru
fans: Apo Pokiri vs Alwar la edu win pannichu sollu
Dei machan andha time Alwar daan win pannuchi..",Troll/Oppose,Troll/Oppose Against Party
425,CM Vijay : கல்வி மற்றும் உள்ளுறை,Support/Praise,Support for party
426,"“From saving Kollywood industry to saving Tamil Nadu people 
Unga Vijay Uyirena varren naa",Support/Praise,Support for person
427,"நீ ஓசில கொடுத்த ரபேல் வாட்ச்சுக்கு திடீர்னு பில்லு கேக்குறானுங்கணே...
நான் வித்தேன்னு எழுதி தாறேன்.. நீ வாங்கினேணு கையெழுத்து போட்டு பில்லை ரெடி பண்ணி தாறேன்.. அத வச்சு ஏப்ரல் 14 உருட்டிவிடு...
ஒரு",Troll/Oppose,Troll/Oppose Against Person
428,"உங்க தலைவர்‌ இன்னும்‌ அந்த
டி-சர்ட்‌ வச்சிருக்காரா...",Troll/Oppose,Troll/Oppose Against Person
429,"சொன்னீங்களே, செஞ்சீங்களா... மக்களுக்காகவே நா...  
ஆறுமுகம், ஏறுமுகம்... திரும்ப திரும்ப!

ஏம்ப்பா என்னை ""மார்ஸ்""ல கொண்டு போய் டிராப் பண்ணிட்ருப்பியா...!
",Troll/Oppose,Troll/Oppose Against Party
430,"நேத்து வரைக்கும்
அவர் படம் ரிலீஸ்க்கே
போராடின மனசு…

இன்னைக்கு
முதலமைச்சராக சிறப்பு காட்சிக்கு
அனுமதி தர அளவுக்கு
வளந்துட்டாரு",Support/Praise,Support for person
431,"முத்துவேல் கருணாநிதி ஸ்டாலின் என்பதும் நான் 

வெற்றுக் கட்சியின்(BJP) கூட்டாபாடு.. இனி நாடுக்குள்ள கேக்காது..
தமிழின முதலவர் இனி விழித்த திரண்டிடுமே..!",Support/Praise,Support for person
432,"""மே நாள் பரிசு""
மே நாள் பரிசாக, 12 மணி நேர வேலைச் சட்டத்தை முற்றிலும் திரும்பப் பெற்ற தமிழ்நாடு அரசைக் பாராட்டுகிறோம்; மே 7ம் தேதி தாம்பரத்தில் நடைபெற உள்ள திராவிடர் தொழிலாளணி மாட்டில் முதல்வச்சி மு.க.ஸ்டாலினுக்கு பாராட்டு விழா நடத்த உள்ளோம்
– திராவிடர் கழகத் தலைவர் கி.வீரமணி அறிவிக்கை

என்னது… அப்போ 12 மணி நேர வேலைச் சட்டத்தை கொண்டு வந்ததும் திமுக அரசுதான்!
இப்போ அதை ரத்து பண்ண்றதும் திமுக அரசுதானா?!

",Troll/Oppose,Troll/Oppose Against Party
433,"மக்களிடையே கொரோனா
பரவல்‌ தொடர்பான
அச்சம்‌ பரவாமல்‌ தடுப்பது
அரசின்‌ கடமை

- பிரதமர்‌ மோடி
மக்கள்
கொரோனாவ பத்தி கூட
கவலையில்லை,ஆனா அடுத்து எந்த

விலையை ஏத்த போறயோன்னு
நினைக்கும்‌ போது தான்‌ நெஞ்சே
அடைக்குது..,,",Troll/Oppose,Troll/Oppose Against Person
434,"மீண்டும் அதிமுகவில் ஓ.ராஜா!
அதிமுகவில் இருந்து நீக்கப்பட்ட
துணை முதல்வர் ஓ.பி.எஸ் சகோதரர் ஓ.ராஜா 5 நாட்களுக்கு
பிறகு மீண்டும் அதிமுகவில் சேர்ப்பு!
இது கட்சியா... இல்ல Whatsapp குழுப்பா இு தெரியலையே... நினைச்சா தூக்குறாங்க நினைச்சா சேத்துறாங்க.",Troll/Oppose,Troll/Oppose Against Party
435,"ARREST Tasmac கடைகளில் MRP க்கு அதிகமாக 1 ரூபாய் வாங்கினாலும்
காவல் நிலையத்தில் புகார் கொடுக்கலாம் ! உடனடியாக அவர்கள் கைதும்",Support/Praise,Support for party
436,"CAPTAIN CONDITION RIGHT NOW

#VAIKO

#CAPTAIN

NALAVANA IRRUNDHA IPDI THAN",Troll/Oppose,Troll/Oppose Against Person
437,"செய்வார்களை அழைத்து,

இவங்க எல்லாரும் விசிலுக்குத்தான் போட்டாங்கன்னு சொல்றாரு...",Support/Praise,Support for party
438,MARK MY WORDS  POLITICIANS  BIGBOSS 2 VANTHATHUKU APRM BANSTERLITE LA KANAMA POIRUM,Troll/Oppose,Troll/Oppose Against Party
439,11.00  11.05,Troll/Oppose,Troll/Oppose Against Person
440,"

விளம்பரம் தேட நான் நடிகன் அல்ல; விவசாயி

- முதல்வர் பழனிசாமி

விவசாயி

இயற்கை விவசாய நிலங்களை அழிச்சு எட்டுவழி சாலை போட துடிக்கிற நீங்க விவசாயி தான் ""சாலை விவசாயி""",Troll/Oppose,Troll/Oppose Against Person
441,"தேர்தல் BREAKING  
‘Do You Know’ - அண்ணாமலைக்கு பாம் எடுத்த ECI  
உள்ளாட்சி தேர்தலை நாங்கள் நடத்தவில்லை;  
புகார்கள் நீங்கள் மாநில தேர்தல் ஆணையத்திடம் தெரிவிக்க வேண்டும் என பாஜக மாநில தலைவர்  
அண்ணாமலைக்கு இந்திய தேர்தல் ஆணையம் பதில்!  

இதை அதிமுக தலைமையிடம் தேர்தல் ஆணையத்திடம் புகார் அளித்து, இந்திய தேர்தல்  
ஆணையமே உள்ளாட்சி தேர்தலை நடத்தவில்லை என பதில் அளித்தது  
— ட்வீட் இணைத்து நையாண்டி செய்துள்ளார் அண்ணாமலை.
*Aspirants  
Ips ஆவathu சுலபமான விஷயமாக உணர்கிறார்
",Troll/Oppose,Troll/Oppose Against Person
442,"குடியுரிமை சட்டத்தை Ps
திரும்ப ய பன்ன a ன்‌
பிரதமர்‌ மோடியை யல்‌.
திருப்பிக்‌ கலாய்க்கலாம்ணு பாத்தா...
இப்போ இவன்‌ எந்தக்‌ கட்சில
இருக்குறான்ணு தெரியலையே...",Troll/Oppose,Troll/Oppose Against Person
443,"தூத்துக்குடி கொலையாளி
Vedanta
Anil Agarwal
Chairman of Vedanta Resources
இந்த நாயிகாக

இந்த நாய்ச் சொல்லி

இந்த நாய்‌ சுட்டது",Troll/Oppose,Troll/Oppose Against Person
444,"ஆந்திர மாநில அமைச்சராக பதவியேற்றபின், தனது அண்ணன் நடிகர் சிரஞ்சீவி காலில் விழுந்து ஆசிய்வாத்தம் பெற்ற மவுன் கல்யாண்.

யோவ்! பலா பழம் நீ என்ன பன்ற இங்க",Troll/Oppose,Troll/Oppose Against Person
445,"தற்போது வரை 119 வாக்குகள் பெற்று த.வெ.க தலைவர் ச.ஜோசப் விஜய் அவர்கள் முதலமைச்சராக தேர்ந்தெடுக்கப்படுகிறார்.!
(106- TVK) (5 - Congress) + (2 - CPI (m)) + (2 - VCK) (2 - IUML) + (1 - Kamaraj (Mannarkudi, MLA)) + (2 - CPI)",Support/Praise,Support for party
446,Vijay Anna : இங்கே அனைவரும் சமம்..,Support/Praise,Support for party
447,"அய்யோ! விட்டுறுங்க!

நீதிவேண்டும்!",Troll/Oppose,Troll/Oppose Against Party
448,"  
Thooki adichiruven pathuko
ne ena spring trap ah?",Troll/Oppose,Troll/Oppose Against Person
449,"மக்களின்
மாற்றம்!

“இது தனி நபரோட
வெற்றியல்ல,
கொள்கைக்காக
நம்பிக்கைக்கு
கிடைச்ச வெற்றி!”

TVK
தமிழக வெற்றிக் கழகம்

மாற்றத்தை நாமும்
மக்கள்

வாக்களித்து
மாற்றத்திற்காக

வெற்றி நிச்சயம்!

#TVK
வெற்றி நிச்சயம்!",Support/Praise,Support for party
450,"தலைவர் கருணாநிதி பிறந்த ஊரு
இது நம்புயங்கப்பா… 
#உங்க_விஜய்_நா_வரேன்",Support/Praise,Support for party
451,"விஜய் விரைவில் கட்சி தொடங்குவது உறுதி
",Troll/Oppose,Troll/Oppose Against Party
452,"இவர்க்கும் போதும்
இப்படி ஒரு craze வந்ததில்ல…",Support/Praise,Support for person
453,"நாட்டுல இந்த போணி தமிழர்கள் தொல்லை
தாங்க முடியலப்பா..
ரோட்டிக்கு, பிரியாணிக்கும் மதம்
மாறிவைச்செல்லாம் தமிழனாம்",Troll/Oppose,Troll/Oppose Against Person
454,"திருநாவுக்கரசர்‌ யார்‌ என்றே தெரியாது -
ஈ.வி.கே.எஸ். இளங்கோவன்

நல்லா பாருங்க... இந்த மூஞ்சியை
உங்களுக்கு தெரியவே தெரியாது?",Troll/Oppose,Troll/Oppose Against Person
455,"EPS

பொருளாளர்,
அடிப்படை உறுப்பினர்
உட்பட அனைத்து
பொறுப்பிலிருந்தும்
ஒழிக்கப்படார்

OPS

என்னை தீமுக்கு
அதிகாரம் இல்லை;
என்னை கட்சியிலிருந்து
நீக்கிய இபிஎஸ்,
கே.பி. முனுசாமியை
கட்சியிலிருந்து நான்
நீக்கிறேன்

Sasikala

தற்போது
EPS, OPS இருவரும் அதிமுக
தலைமைக்காக தங்களது
அரசாணையை தமிழக
அரசு அடிப்படையில்
பொறுப்பிலிருந்தும் நீக்கப்பட்டுள்ளது

-வி. கே. சசிகலா
",Troll/Oppose,Troll/Oppose Against Person
456,"இவர் தன்னால் தான் போர் நிறுத்தம் சாத்தியமானது என்று மார்தட்டிக் கொண்டார்
பாகிஸ்தான் தான் போரில் வென்றது என்று இவர் தனக்குதானே அறிவித்துக்கொண்டார்
AN
இவர் டெலிப்ராம்டர் கருவியை பார்த்து தனது அடுத்த தேர்தல் பிரச்சரர்",Troll/Oppose,Troll/Oppose Against Person
457,"லம் பேசாது ஆனால் காத்திருந்து ல் சொல்லும்
 தமிழ்நாடு முதல்வர் திரு.விஜய்",Support/Praise,Support for person
458,"ஒரு படத்துக்காக அவனை கொடநாடு கேட்டுவாசல நிக்கவச்சேன் டா நானு...
இன்னைக்கு நீங்க அவன்கிட்ட போயி கூட்டணிக்கு பிச்சை எடுத்துக்கிட்டு நிக்கிறீங்க...
வெக்கமா இல்ல... ஓ
TEMIL MONTY",Troll/Oppose,Troll/Oppose Against Person
459,Annaikku Nehru Stadium la munnadi seat kuda kudukkala nu evan evan lam sirichaangalo... innikku adhe Nehru Stadium la avare Chief Minister,Support/Praise,Support for person
460,"மிஸ்ஸ் பண்ணிடாதீங்க!!
திமுக வேணாம் போலா
போடா!
ஸ்டாலின் தான் வராரு Song Troll!!
",Troll/Oppose,Troll/Oppose Against Person
461,"

நின்னுகினா அஞ்சு, படுத்தா பத்து இப்படிப்பட்ட கருத்துகளை பேசித்தான் திராவிட இயக்கத்தை வளர்த்தோம்!

கேவலமான விசயத்த பெருமையா பேசுறாரு பாரு!",Troll/Oppose,Troll/Oppose Against Party
462,"என்னை யாரும் புகழ்ந்து பேச வேண்டாம்  
துணை முதல்வர் பன்னீர்

குண்டு இருக்குற... SODA ஆம்பள SODA  
குண்டே இல்லாத... SODA பன்னீர் SODA

முடியாது நாங்க புகழ்ந்துகிட்டே தான் இருப்போம்
",Troll/Oppose,Troll/Oppose Against Person
463,"சிம்பு போலீஸ் ஓபரடா க்கு டா எனது அம்மா""னு சொல்லுங்க.நாங்க இன்னும் யாருக்கலாம் கடித எழுத்திருக்கோம்?

அதான் ""அம்மா""னு சொல்லிட்டா போதுமா. எங்க ""மும்மா""னு எழுத்திருக்கோம்.
",Troll/Oppose,Troll/Oppose Against Person
464,"டேய் அனைவரும் ஜார்ஜ் கோட்டையை போட்டு ஆட்சியை பிடிப்போம்னு சொன்னாய்ஙக...
கருணாநிதி
ஸ்டாலின்

ஆனா நீங்க மட்டும் ரெண்டா பன்னோக்கு மருத்துவமனையை போட்டு ஆட்சியை பிடிப்போம்னு சொன்னீங்க...
உண்மையை சொல்லுங்கடா...",Troll/Oppose,Troll/Oppose Against Person
465,1992 : Ivanlam hero va 1996 : Hero than 2002 : Ivan action hero va 2004 : action hero than 2010 : comeback tharamatan 2012 : Best comeback ever 2017 : Ivan next superstar ah 2021 : Who is superstar 2025 : Politics la Vijay jeipara 2026 : Loading...  சவால் விடும் போது ரொம்ப சாக்ரதையா விடணும்,Support/Praise,Support for person
466,"/ஊர், தெரு பேர்களில் உள்ள ஜாதி பெயர்களை நீக்க அரசாணை வெளியீடு /
கோயம்புத்தூர்ல இருக்குற அத்தனை கவுண்டண்புதூர், நாயக்கன்பாளையம் பேரை மட்டும் மாத்திட்டீங்க நீங்க வீரன்டா 9",Troll/Oppose,Troll/Oppose Against Party
467,"TN Elections 2026 Exit Polls (TOI): TVK Vijay (TVK Leader) – TVK 125–155, DMK 25–45, ADMK 13–30, Others 2–5.",Support/Praise,Troll/Oppose Against Person
468,"போடியில்‌ தப்பிப்‌ பிழைக்கிறார்‌
ஒபிஎஸ்‌ - நியூஸ்‌ 7 கணிப்பு

பரவால்லை 
தப்பிப்‌ பொழச்சுட்டீங்க!",Troll/Oppose,Troll/Oppose Against Person
469,"செந்தமிழன்‌ சீமான்‌ வுடன்‌ Wonder woman
எடூத்துக்கொண்ட புகைப்படம்‌ ",Troll/Oppose,Troll/Oppose Against Person
470,DMK KOTHADIMAIGAL                 #DRAVIDA MODEL,Troll/Oppose,Troll/Oppose Against Party
471,Happiness With Emotions,Support/Praise,Support for person
472,"த.வெ.க தலைவர் விஜயுடன் நடிகை ராதிகா
*சமக தலைவர் சரத்குமார்
",Troll/Oppose,Troll/Oppose Against Person
473,"குடும்பத் தலைவிகள் அனைவருக்கும் மாதந்தோறும் ரூ.1,000 உயிர்மைத்தொகை வழங்கப்படும்

குடும்பத் தலைவிகளுக்கு மாதம் ரூ.1,500 வழங்கப்படும்
முதல்வர் பழனிசாமி

குடும்பத் தலைவிகள்:
அப்ப எங்க ஓட்டுலும் உங்களுக்குதான் தேவையில்லயா ",Troll/Oppose,Troll/Oppose Against Party
474,"Vidu macha namaku Time seri illa

Time lam nalla dha iruku serkai seri illa
",Troll/Oppose,Troll/Oppose Against Person
475,போதை இல்லா தமிழகம்,Support/Praise,Support for party
476,"கட்சி ஆரம்பிச்சு இரண்டு வருசத்துல
35% ஓட்டு வாங்கி முதலமைச்சர் ஆகி. திமுக கூட்டணி பிரிச்சு,அதிமுக ரெண்டா உடஞ்சு. எம்ஜிஆர் ஆக மாறி, கதற விட்ட எதிரிகள்!!",Support/Praise,Support for party
477,"இப்படிதான் காமராஜர் ஒருமுறை அரசியலை விட்டு விலகுறேன்னு என்னிடம் சொன்னார்...

கதைய ரொம்ப முன்னாடி போய்ட்டீங்க

எவ்ளோ முன்னாடி?

நீங்க பொறக்குறதுக்கு முன்னாடி
",Troll/Oppose,Troll/Oppose Against Person
478,"வயில் பக்கமே வராத காங்கிரஸயே ஒருத்தன் உ ச்சிருக்கான்னா...
இவன் கண்டிப்பா ஒரு கேம் =ஞ்சர் தான் தொலைக்காட்சி விஜநோயை விஜய்",Support/Praise,Support for person
479,"""தமிழகத்தில் ஆட்சியை காப்பாற்றுவதற்குத்தான் பாஜகவுடன் கூட்டணி வைத்தோம்!""



enda… ipdi solli BJP’ya naakitu irukomnu unmaiya sonna     #EPS  #that thatha
NOTA’va epdira thoakadikirathu",Troll/Oppose,Troll/Oppose Against Person
480,"
தீ விபத்து நடந்த இடத்துக்கு மனிதாபிமானமா உதவி செய்ய போனீங்களா.. இல்லை
கட்சி கொடியோட அரசியல் செய்ய போனீங்களா ?
",Troll/Oppose,Troll/Oppose Against Person
481,"‘மிக்சம்’ புயல் பாதிப்பில் இருந்து மீண்டோ
சிறப்பாக செயல்பட்ட தமிழ்நாடு அரசு

என்னங்க சொல்றீங்க!... நிஜமாவா!!",Troll/Oppose,Troll/Oppose Against Person
482,I'm kick,Troll/Oppose,Troll/Oppose Against Person
483,"ADMK things la Sataperavai la erunthu
thukituporaga
#படம்பார்த்துகதைசொல்‌",Troll/Oppose,Troll/Oppose Against Party
484,From உனக்கு seat இல்ல போய் பின்னாடி உட்காரு... To Sitting in the முதலமைச்சர் Seat CM vijay...,Support/Praise,Support for person
485,"அன்னைக்கு அவர்
சொன்னப்போ
சிரிச்சவங்க எல்லாம்...

TVK
தமிழக வெற்றிக் கழகம்

இன்னைக்கு அவர்
பின்னாடி நிற்கிறாங்க.
இதுதான் உண்மையான தலைமை!",Support/Praise,Support for person
486,"மக்கள் நீதி மய்யம்
No Caption Needed",Troll/Oppose,Troll/Oppose Against Party
487,எது சுடு காட்டுக்கா,Troll/Oppose,Troll/Oppose Against Person
488,"திமுக மகளிர் அணி be like,
ஏன்மா போராட்டத்தில் இருந்து பாதில வந்துட்ட?

- கடசிக்காக உசுரு குடுத்து போராடலாம்னா, இப்ப குடுத்து தான் போராடணும்னா எப்படின்னா? 

#இடுப்புக்கிளிதிமுக",Troll/Oppose,Troll/Oppose Against Party
489,"மக்கள் படை திரளட்டும்; மத்திய, மாநில அரசு நடுங்கட்டும்
தெண்டல்களுக்கு திமுக செய்தவைகள்
மு.க.ஸ்டாலின் கடிதம்

எல்லா பிரச்சனைக்கும் காரணமே நீயும் உங்க அப்பனும் தான், இப்போ வந்துடு மக்கள் திரளனும் மயிர புடுங்கணுனு கூ.விட்டு கெட்டது",Troll/Oppose,Troll/Oppose Against Person
490,"தமிழக அரசு பொங்கல் பரிசு வழங்கும் விழா  
...எங்களுக்கே கரும்பா? மொத்தல்ல நாங்க கருப்பு பயிற்ட்ட பாக்கியை கொடுங்க! வயிறு காயுது!!
கரும்பு விவசாயிகள்
",Support/Praise,Support for party
491,"தலைவா ற்றுகடை
பர்,
இது உங்களுக்கு வேண்டா புதுசாக இருக்கலாம், எனக்கு பழகிவிட்டது.
அருண் ராஜ்",Support/Praise,Support for person
492,"எந்த கட்சிக்கு டா ஓட்டு போட்ட....

அப்பா...

விஜய் ரசிகன்
தமிழக வெற்றி கழகத்துக்குப்பா..",Support/Praise,Support for party
493,சங்கீனு சொல்றது ரொம்ப பெருமையா இருக்கு..... PANDE INTERVIEW TROLL,Troll/Oppose,Troll/Oppose Against Party
494,"நம்பிக்கை வாக்கெடுப்பு
முதலமைச்சர் விஜய் வெற்றி 

ஆதரவு – 144 
எதிர்ப்பு – 22 
நடுநிலை – 05",Support/Praise,Support for person
495,"தெக்கணும் அதிக சிரந்த...தீராவிடநலத்தினாடும்... எம்மா,,,


",Troll/Oppose,Troll/Oppose Against Person
496,"
கல்விக் கடன் ரத்து இல்லை
மக்களவையில் அமைச்சர் விளக்கம்
புதுடெல்லி பொதுத்துறை வங்கிகளில் மாண வர்கள் பெற்றுள்ள கல்விக் கடனை ரத்து செய்யும் திட்டம் ஏதும் அரசின் பரிசீலனையில் இல்லை என்று மத்திய நிதி அமைச்சர் நிர்மலா சீதாராமன் தெரிவித்து உள்ளார்.
மக்களவையில்
கேள்வி
ஒன்றுக்கு நேற்று அவர் அளித்த பதில் வருமாறு: பொதுத்துறை
வங்கிகள்
படி
கொலை செய்துகொண்டதாக எந்தத் தகவலும் இல்லை. கல்விக் கடனை திரும்ப வசூ லிப்பதில் நெருக்குதல் இல்லாத உத்தியைக் கடைப்பிடிக்கும் வங்கிகள் அறிவுறுத்தப் பட்டுள்ளன. மேலும் கல்விக் கடனை தள்ளுபடி செய்வது தொடர்பாக எவ்வித பரிந்துரையும் அரசின் பரிசீலனையில் இல்லை. கல்விக் கடன் பெற்றவர்களில் எவ்வளவு பேர் வேலைவாய்ப்பு ள்ளது கல்விக் கடனை திரும்ப பெற்றுள்ளனர் என்ற புள்ளிவிவரம்
A.நிர்மலா சீதாராமன்
தினகரன் வர்த்தகம்
வங்கிகள் நிதி தள்ளாட்டத்தில் இருக்கும் நிலையில் மெகுல் சோக்ஷி, மல்லையா உட்பட 50 பேரின் ~68,000 கோடி கடன் தள்ளுப
ஆர்டிஐ தகவலில் அம்பலம்
புதுடெல்லி, ஏப். 29: வங்கிக ளில் கடன் வாங்கி ஏமாற் றிவிட்டு தப்பி ஓடியமெகுல் சோக்க்ஷி உட்பட 50 பேரின் 768,000 கோடி கடனை வங் கிகள் தள்ளுபடி செய்தது ஆர்டிஐ மனு மூலம் அம்ப லம் ஆகியுள்ளது.
கொரோனா வைரஸ் ஊரடங்கை தொடர்ந்து நிறுவனங்கள் கொயில்
மெகுல் சோக்க்ஷி 8,048 கோடி
கடன் வாங்கிய நிறுவனம்   இது யாருக்கான அரசு..?
சந்தீப் 34,314 கோடி
ஜதின் மேத்தா 74,076 கோடி
விஜய் மல்லையா 71,943 கோடி
தள்ளுபடி
இது யாருக்கான அரசு..?
ளது.இதுபோல் 1000 ரூபாய்க்கு கீழ் கடன் கிய 25 நிறுவனங்கள் தனிநபர்களின் கட 605 கோடி முதல் கோடி வரையிலான தள்ளுபடி செய்யப்பு ளது. மேற்கண்ட 50 மோசடியாளர்களி கடன் தள்ளுபடி பட்ட 6பேர் வைர நகை தொழில்து சேர்ந்தவர்கள் குறிப்பிடத்தக்கது. அகில இந்தி",Troll/Oppose,Troll/Oppose Against Person
497,"
பட்ஜெட் 2021-22 நிதியமைச்சர் பட்ஜெட் உரை

ஏர் இந்தியா விமான
நிறுவனத்தை விற்க
மத்திய அரசு முடிவு!
Modi jii
இந்தியா & மக்கள்
Seetha aunty
யக்கா நம்ம இவனுங்கள வெச்சி
செய்யலாம்...",Troll/Oppose,Troll/Oppose Against Person
498,"கருத்துக்கணிப்புகள் பொய்த்துப் போகும் எனதில்  
சந்தேகம் இல்லை… தமிழிசை

அதானா… பாஜகவுக்கும் 2, 3 இடம் கிடைக்கும் நு  
சொல்லியிருக்கார்களே!
",Troll/Oppose,Troll/Oppose Against Person
499,"
ஜெயலலிதா சொத்துக்‌
குவிப்பு வழக்கிற்கு
செலவான ₹32.4 கோடியை
கேட்டு தமிழக அரசுக்கு
கர்நாடக அரசு கடிதம்..!
அபாதரத்த சங்கத்துலருந்து எடுத்துகட்டு
சங்கமே அபதாரத்துல தான் ஒடிகிட்டுஇருக்கு",Troll/Oppose,Troll/Oppose Against Party
500,"கியூபா விழ்ச்சி!

அனைவருக்கும் ஒரு பாடம்? ஏன் எதற்கு எப்படி? | Cuba in Financial cri...

Prachana... nammakum antha America'kum thaan, intha Boomer pundaamavanuga yaaru kuda Ice bag velaiyadraanuga",Troll/Oppose,Troll/Oppose Against Person
501,,Troll/Oppose,Troll/Oppose Against Person
502,"
பாரத பிரதமர் நரேந்திர மோடி அவர்கள் படிக்காதவர்.
-அண்ணாமலை
கேடி ஜி
ஆடு அண்ணாமலை",Troll/Oppose,Troll/Oppose Against Person
503,"ஸ்டாலின் மாதிரி நல்ல தலைவர் 
உலகத்திலேயே இல்லையாம், நீதிபதியே சொல்லிருக்கார்

யாரு உச்சநீதிமன்ற நீதிபதியா..??

பட்டிமன்ற நீதிபதி தின்டுக்கல் லியோனி
",Troll/Oppose,Troll/Oppose Against Person
504,"நடிகர் வந்தா கூட்டம் கூடும்னு சொன்னாங்க
கமலும் தான் கரூர் வந்தார் ஏன் கூடல?
இத்தனைக்கும் விஜய விட சீனியர்
நடிகர்...
பதில் சொல்லுங்க !!
",Troll/Oppose,Support for person
505,"பொய் கூறியதால் தகுதி நீக்கம்

தினகரன் ஆதரவு எம்.எல்.ஏக்கள் தங்கள் சொத்துக்கான அளிக்கையில், முதலவருக்கு எதிராக பொய் கூறியது குற்றச்சாட்டு என நீதிமன்றம் தகுதி நீக்கம்

BREAKING NEWS

மருத்துவமனையில் ஜெயலலிதா உயிர் சாப்பிட்டார் என்று பொய் சொன்னோம்

இந்த பொய்யரை எப்போ தகுதி நீக்கம் செய்ய போரீங்க ஆபீசர்.",Troll/Oppose,Troll/Oppose Against Person
506,"தவிட்டுக்கு ஆசைப்படும் குறட்டு கோழி
வியயகாந்த்: ராமராஜன்

இன்னும் தவிடு, கோழி'னு உங்க ஊரு பாட்டுக்காரனாத் தான் இருக்கிங்க போலயே",Troll/Oppose,Troll/Oppose Against Person
507,"MEANWHILE GAPTAIN  
I'M GONNA APPLY FOR REVALUATION  
SUMAR MOONI VIGNESH",Troll/Oppose,Troll/Oppose Against Person
508,"பதவி ஏற்கும் போது #CM சொன்னாரு —

“யாரையும் முதலில் மூடிட்டு
போய் ரசிகையா சந்திக்க மாட்டேன்…
மக்கள் மத்தியில
வெளிப்படையாக சந்திப்பேன்.”

அது நடக்கிது…
சொன்னதை செய்பவன் என்ற தலைவன்",Support/Praise,Support for person
509,"திருமாவ எதிற்கட்சியா பாத்தது இல்லையேனு over build-up பண்றவங்களுக்கு ஒன்னு சொல்றேன்

Virtual Warriors ah ரசிகர்களா பாத்துருப்பீங்க ஆனா
ஆளுங்கட்சி ஆட்களா பாத்தது இல்லையே.

(நீல எழுத்து:)
திமுககிட்ட மீடியா பலம் அதிகாரபலம்னு இருந்தப்பவே
இவங்க பரபரன அவதூறையெல்லாம் முறியடிச்சு தனியா CM
ஆக்குனவங்க.",Support/Praise,Support for party
510,"ஏம்பா சப்பத்து அம்மாவின் திட்டத்த எல்லாம் பார்த்து பொம்பளையா மாறணும்னு சொல்லியவே?

எல்லார்சரியா பெரிய கருப்பன் கிடட்டே மாட்டியாத
",Troll/Oppose,Troll/Oppose Against Person
511,"என் சாவுக்கு பிரதமர் மோடி அரசே காரணம்

கடிதம் எழுதி வைத்து தற்கொலை செய்து கொண்ட மகாராஷ்டிர விவசாயி

மக்கள்

மோடி

ஒரு தண்ணீர் பாட்டிலின் விலையை விட ஒரு ஜிபி டேட்டாவின் விலைகுறைவு என்று பெருமைப்பட கூடாது ஒரு விவசாயைக்கூட காப்பற்ற முடியவில்லை என்று வெட்க்கப்படும் சென்ராயன்(மோடி)",Troll/Oppose,Troll/Oppose Against Person
512,"""டாஸ்மாக் ஓபன் பண்ணி வச்சுட்டு குடிக்கிறவங்க மத்தியில் இங்க படிக்கிறவங்கனா என்ன ரேஜ் பண்ண்ற ஒரே கலக்கம் நம்ம தமிழக வெற்றிக் கழகம்.""
""இப்படிப்பட்ட உலகத்துல நாம வாழ்றோம்னு நினைத்தாலே மனசு வேதனையா இருந்தாலும். இந்தக் கட்சியில நான் இருக்கிறேன்னு சொல்றதுக்க பெருமையா இருக்கு.""
""த.வே.சு நோரசிங்கன்""",Support/Praise,Support for party
513,"கொரோனா காலத்தில் மக்கள் சாப்பிட வழியின்றி தவிக்கும் போது பிரதமர் மோடி புதிதாக பார்லிமென்ட் கட்டுகிறார் என ஊபரி வைத்து ஜோதிமணி MP

கைலாயர் நினைவிடம் ₹40 கோடி ரூபாய் மக்கள் வரிப்பணத்தில் கட்டப்படும் ஸ்டாலின்!

அக்கா இப்போது கொஞ்சம் வாய்திறந்து பேசுங்கள்!
சமாதி முக்கியமா? சாப்பிட சோறு முக்கியமா!",Troll/Oppose,Troll/Oppose Against Person
514,"~ என்னையா பொதுக்குழு கூட்டலாமா?
அதைத்தான் சொல்லாதுனு சொல்றாங்களே..

~ அப்ப கோர்ட்டுக்கு போவோமா?
சொன்னதே கோர்ட்டோன்!

~ சமரசமா போய்டுவோமாமா?!?

சரக்கு சண்முகத்துக்கு பிடிக்காதேப்பா..

~ அப்படின்னா பொதுக்குழு கூட்டிவோமாமா?
",Troll/Oppose,Troll/Oppose Against Party
515,"அர்ஜூன்‌
சாம்பிராணி

எரிவாயு இல்லாம பப்பில்‌ டப்ப
 எரிப்பிங்க??

Anitha Kathiresan 
 aen da loosu...எறி வாயு
இல்லையென்றால்‌ எப்படி
அடுப்பு எரிப்ப நூ கேக்குற லூசு
பயலே.. விவசாய்தை அழித்து
விட்டு, எறி வாயுவை வைத்து
எண்ணத்த சமைத்து
சாப்பிடுவ? சானிய தின்பாயோ OOF:",Troll/Oppose,Troll/Oppose Against Person
516,"கலைஞர்க்கும் கிரிக்கெட்டுக்கும் என்ன சம்மந்தமா?
அந்தமான் Airport கூட தான், சாவர்க்கர் பேர் வெச்சிருக்காங்க
அவன் என்ன Flight'லா ஓடினு இருந்தான்?
Bull Bull யுவ மேச்சு.
நக்கின்னு இருந்தான் பா.
",Troll/Oppose,Troll/Oppose Against Person
517,"இலவசம்
சென்னையின் அம்மா உணவகங்களில் இன்று நாளையும் இலவச உணவு!
- முதல்வர் மு.க. ஸ்டாலின் அறிவிப்பு
M.K. Stalin  Chennai peoples",Support/Praise,Support for person
518,"விஜய்‌ மக்கள்‌ இயக்கத்தினர்‌ 110 பேர்‌ வெற்றி
ஊரக உள்ளாட்சி தேர்தலில்‌ விஜய்‌ மக்கள்‌
இயக்கத்தை சேர்ந்த 110 பேர்‌ வெற்றி
பெற்றதாக நிர்வாகிகள்‌ தகவல்‌
விஜய்‌ மக்கள்‌ இயக்கத்தினர்‌ 169 பேர்‌ போட்டியிட்ட
நிலையில்‌ 11௦ பேர்‌ வெற்றி என தகவல்‌

*Seeman
Aandavar
BJP

Macha yarra ivanuga nama oru place la kuda win panala
ivanuga ena da ithana win panirukanuga",Support/Praise,Support for party
519,"’சினிமா நீங்க முதல்வராகனும்’... இன்று முதல்
போயஸ் கார்டனில் புதிய நாடகம் அரங்கேற்றம்!

உலகம் ஒரு நாடக மேடை...
நாமெல்லாம் அதில் நடிகர்கள்",Troll/Oppose,Troll/Oppose Against Person
520,"~ உதயநிதி ஸ்டாலின்‌ :

உங்களுக்காக தரவே மாட்டேனு சொன்ன AIIMS
மருத்துவமனைய கையோட தூக்கிட்டு வந்துட்டேன்‌



#AIIMS Madurai",Troll/Oppose,Troll/Oppose Against Person
521,"
ஆதரவளித்த கூட்டணி கட்சி நிர்வாகிகளை கையோடு ஆளுநர் மாளிகைக்கு அழைத்து சென்றுள்ளார் தளபதி விஜய்.!
ஆளுநர் எதாச்சும் கொற சொல்லுவான்னு எல்லாரையும் கூட்டிட்டு போய்டாப்ல, தலைவன் வேற ரகம் பாத்து உசாரு..!

ஆளுநரை சந்தித்த விஜய்..! ஆதரவளித்த கட்சித் தலைவர்களுடன் சென்று ஆளுநர் ஆர்.வி.அர்லேகரை சந்தித்த த.வெ.க. தலைவர் விஜய் அறுதிப்பெரும்பான்மைக்கு தேவையான எம்.எல்.ஏ.க்களின் ஆதரவு கடிதங்களை வழங்கி ஆட்சி அமைக்க உரிமை கோரினார்
",Support/Praise,Support for person
522,"அண்ணே வெளியேப்போற
வெள்ள அறிக்கைக்குத்தான் waiting uhhh…",Support/Praise,Support for person
523,பனையூர் விட்டு வெளியா வாங்கள விஜய். Other Parties: Answer: வெளியா வந்தா மக்கள் கூட்டம் கூடும் அதனால அனுமதி தரமாட்டோம். அன்னி நேரம் தான் பேசுவீங்களா விஜய் 25 நிமிடத்துக்கு மேல மக்கள் கிட்ட பேச கூடாது மக்கள் சந்திப்பு Bus விட்டு வெளியா வரக்கூடாது. கேரளன் உள்ள இருந்தே மக்கள் பார்ப்பீங்களா விஜய் ? ஆமா அனுமதி வராததிற்கும் ஒரு நாள் மட்டும் தான் தருவோம். தினமும் மக்கள் சந்திக்கணும் விஜய்.,Support/Praise,Support for person
524,"HAPPY BIRTHDAY CAPTAIN...
YARA ADHU...
EVAN DA ADHU KATHURADHU...
",Troll/Oppose,Troll/Oppose Against Person
525,"தனியார் மருத்துவமனைகளில் கொரோனா
சிகிச்சைக்கான கட்டணத்தை தமிழக
அரசு காப்பீடு திட்டத்தின் கீழ் ஏற்கும்
- முதல்வர் மு.க.ஸ்டாலின் கையெழுத்திட்டார்

Arumayaana thittam... ",Support/Praise,Support for person
526,"இன்னிக்கு நான்லாம் படம் நடிச்சி,
:பாரின் காருல போறேன்னா!!

அதுக்கு இந்த மாதிரி வைத்தியங்கள்தான் காரணம்!!
",Troll/Oppose,Troll/Oppose Against Person
527,"ராணுவம், விஞ்ஞானிகள், விளையாட்டு வீரர்களின் சாதனையெல்லாம் மோடியைச் சேருமாம்!

வேலையிழப்பு, பொருளாதார மந்த நிலை, விவசாயிகள் பிரச்சனைகளெல்லாம் நேருத்தான் காரணமாம்!
சங்கிகள் உலகம்!, தனி உலகம்!
",Troll/Oppose,Troll/Oppose Against Person
528,"பெரரவாளன் விடுதலை வழக்கு தீர்ப்பு

பெரரவாளன் விடுதலை – நீதிமன்றம், சட்டம், நிர்வாகவியல் வரலாற்றில் இடம்பெற்ற தக்க தீர்ப்பு

சட்டத்தின் ஷர்த்துகளை வெல்லும் திறன்
ஒரு நரி நியாயமான கண்மூடிக்கு உண்டு என்பதை
காலம் காட்டியுள்ளது - முதல்வர் மு.க.ஸ்டாலின்


சீமான்  
உச்சநீதிமன்றம் என் பேச்சை கேட்டு தான் விடுதலை செய்தது",Troll/Oppose,Troll/Oppose Against Person
529,"அதிகமா பேசுற வாயும் நரோட்டில் தாங்கள் நாயும் அடிவாங்கியே தீரும் வாக்கியம்செச்சி

அடுத்ததா என்ன பண்ண போறிங்க சம்பத்??
அம்மா கூப்பிடுவாங்கனு காத்திருக்கோம்.

",Troll/Oppose,Troll/Oppose Against Person
530,நாளைய முதலமைச்சர்- 2026,Support/Praise,Support for person
531,"Swear on Jesus that there will be no alliance with anyone! - Seeman
யும்
thinkit",Support/Praise,Support for person
532,"
தென்னிந்திய திருச்சபையின்‌ (சிஎஸ்‌ஐ) 75வது ஆண்டு விழாவை, குத்துவிளக்கேற்றி நேற்று தொடங்கி
வைத்தார்‌ முதல்வர்‌ ஸ்டாலின்‌, அருகில்‌, அமைச்சர்‌ கீதா ஜீவன்‌, எம்பி கனிமொழி, எம்‌எல்‌ஏக்கள்‌
எழிலன்‌, இனிகோ இருதயராஜ்‌, பேராயர்கள்‌ தர்மராஜ்‌. ரசாலம்‌, பெர்னாண்டஸ்‌ ரத்தின ராஜா.

இது ஊங்களால்‌ உருவாக்கப்பட்ட அரசு
திருச்சனப விழாவில்‌ முதல்வர்‌ ஸ்டாலின்‌

ஏலேய்‌ ஜார்ஜ்‌ பொன்னையா நீ
சொன்னது நெசம்‌ தாம்லே",Troll/Oppose,Troll/Oppose Against Person
533,"இதில் யாரு அதிமுக வை எலாம் எடுப்பார்கள்.. தெரியலையே

பிரதமரை சந்திக்கும் OPS, EPS
",Troll/Oppose,Troll/Oppose Against Person
534,26 கட்சி கூட்டணி 1.45 Cr வாக்குகள் தவெக தனியாக 1.75 Cr வாக்குகள்,Support/Praise,Support for party
535,"

பாதிக்கு மேல் ஃபேக்...
ட்விட்டரில் பிரதமர் மோடியை ஃபாலோ செய்வார்கள் 4 கோடி பேர்
இதில் 60% பேர் ஃபேக் ஃபாலோவர்கள்!
டிவிட்டரோமேஷ் (டெக்னிகா நிறுவனத்தின் நிறுவனர்)
14/03/2018 – NEWS18 தமிழ் நாடு

நான் உண்மைய சொல்றி வருவான்னு நினைச்சியாடா. மோசடி மன்னன் மோடி டா",Troll/Oppose,Troll/Oppose Against Person
536,"உன்னை மாதிரி டயர் நக்கி நா இங்க வரல  
என்னப்பா இப்படிச் அசிங்கமா கேட்டுட்ட
EDAPPADI",Troll/Oppose,Troll/Oppose Against Person
537,"இந்த தினிப்பை எதிர்த்து வெற்றி கண்டது திமுக

சேலை ராணி ஜெயலலிதா (Saree Queen Jayalalithaa)

இளநிலை தலைவர் ஸ்டாலின் (Junior Leader Stalin)

மக்கள் #",Troll/Oppose,Troll/Oppose Against Party
538,"

முத்துவேல் கருணாநிதி ஸ்டாலின் எனும் நான்

தமிழகத்தின் 23-வது முதலமைச்சராக பதவி ஏற்கிறார் மு.க.ஸ்டாலின்

வேற்றுக் குடியின் (BJP) கூப்பாடு.. இனி நாட்டுக்குள்ள கேக்காது.. தமிழின முகவரி இனி விழித் திறந்திடுமே..!",Support/Praise,Support for person
539,"TVK: 108
DMK: 53
AIADMK: 73

If Vijay wins the election,",Support/Praise,Support for party
540,"சமையல்‌ எரிவாயு சிலிண்டர்‌ விலை
மேலும்‌ ரூ. 25 உயர்வு

ஒருவேளை சோறு நிம்மதியா திங்க
விடுறீங்களேடா! பெட்ரோல்‌ விலை
உயர்வு,சிலிண்டர்‌ விலை உயர்வுன்னு
மக்கள்‌ தாலியை அறுக்குறீங்களேடா...",Troll/Oppose,Troll/Oppose Against Party
541,"உள்ளிறப்பே வா..
இருநாறு இடம் பிழப்போம்! வரலாற்றிலே தடம் பதிப்போம்!!",Support/Praise,Support for person
542,"நல்லாருக்கே குச்சி, இத ஏன்பா
தூக்கி எறிஞ்ச...",Troll/Oppose,Troll/Oppose Against Person
543,"ஒவ்வொரு நாளும் கலைஞர் என்னைய கனைல் வருகிறாா்
என் கமலை வந்தாலும் இம்மா கலசு
அப்படே நம்ப கட்சிக்க நீ தான் ஆறாயில்
வார்ந்தது வேற சொல்லறாயே...!!!!",Troll/Oppose,Troll/Oppose Against Person
544,"ஏதோ ஒரு பொய் சொல்லி கட்சி ஆரம்பிச்சவன் இல்லடா நான்
நான் சொல்றது எல்லாமே பொய்தான்",Troll/Oppose,Troll/Oppose Against Person
545,"•
•மூன்று மாதத்துல வாரத்துக்கு ஒரு நாள்
பிரச்சாரம்!!
ஜனவரி 9 ஜனநாயகன் படத்த வைத்து ஒரு
•
சம்பவம்...
அப்பறம் கோவைல மூன்றாவது மாநாடு!
• அடுத்தது சட்டமன்ற தேர்தல்!!
2026 -ல சம்பவம் இருக்கு
பொக்கும் எல்லாயிர்க்கும்",Support/Praise,Support for person
546,"
எதுக்கு அவரை அடிக்கிறீங்க?
இதுக்கு முன்னாடி தேசப்பற்று சேரலாதன் இராமகிருஷ்ணன் கிட்ட தான் இருந்துச்சானு கேட்கிறான்.
",Troll/Oppose,Troll/Oppose Against Person
547,"

That dinosaur to editor:-

Gpmuthu official

Yela, yemla ipd panringa?? kirukku mental payalugala...",Troll/Oppose,Troll/Oppose Against Person
548,"LKG                                                                                                                                                           ada nee Vera summa Iru da #sarkar
prachaye ippo than mudinchu irukku |",Troll/Oppose,Troll/Oppose Against Party
549,"Epdi namma TVK Flag Song uh

Kodi kattiparakutha ",Troll/Oppose,Troll/Oppose Against Party
550,"சட்டவிரோதமாக அமெரிக்காவிற்குள் நுழைந்த இந்தியர்கள் திருப்பி அனுப்பப்படுகிறார்கள்
இந்திய விசாவிற்கு அமெரிக்கா
வரிசையில் நிற்கும் என்று
மோடி முன்னர் கூறினார்.",Troll/Oppose,Troll/Oppose Against Person
551,"விஜய் பயந்துவிட்டார்!
விஜய் அவ்வளவுதான்!
விஜய் காலியாகிவிட்டார்!
விஜய் அரசியலுக்கு எல்லாம் சரிப்பட்டு வர மாட்டாரு!
அப்படி சொல்ற எல்லாருக்கும் நான் ஒன்றே ஒன்று சொல்லிக்கிறேன்!!
""கொஞ்சம் வெயிட் பண்ணு நண்பா அரசியல்னா என்னன்னு நாங்க காமிக்கிறோம்"",",Support/Praise,Support for person
552,"தமிழ்நாட்டின் உரிமைகளை காக்கும்தமிழ்நாட்டின் உரிமைகளை காக்கும்
ஒரே தலைவர்",Support/Praise,Support for person
553,"தமிழகத்தில் பாஜக ஒரு தொகுதியில் கூட வெற்றி பெறாது.. சசிகலாவின் கதை முடிந்து விட்டது - சுப்பிரமணியன் சுவாமி

என்ன மனுஷன்யா! தேர்தலுக்கு முன்னாடியே முடிவை சொல்லிட்டாரே!?
",Troll/Oppose,Troll/Oppose Against Person
554,"விஜய் மக்கள் இயக்கத்தினர் 110 பேர் வெற்றி

ஊரக உள்ளாட்சி தேர்தலில் விஜய் மக்கள் இயக்கத்தை சேர்ந்த 110 பேர் வெற்றி பெற்றதாக நிலவாக்கின தரவல்

விஜய் மக்கள் இயக்கத்தினர் 169 பேர் போட்டியிட்ட நிலையில் 110 பேர் வெற்றி என தகவல்

*Seeman Aandavar BJP

Macha yarra ivanuga nama oru place la kuda win panala
ivanuga ena da ithana win panirukanuga
",Support/Praise,Support for party
555,"ரேஷன் கடைகளில் இனி உளுத்தம் பருப்பு கிடையாது மக்களே... அரசு அறிவிப்பு!

வாடா போச்சே!",Troll/Oppose,Troll/Oppose Against Party
556,"2014: இந்தியாவை மாற்ற போகிறேன்...

2023: பாரத்... இது எப்படி இருக்கு...
",Troll/Oppose,Troll/Oppose Against Person
557,"கரூர் சம்பவத்த காட்டி விஜய்ய இன்னொரு கமல்ஹாசனா மாத்த பாத்தானுங்க!!
ஆனா தளபதியோட மக்கள் பலமும், அறிவார்ந்த செயலாளர்களின் பலமும் அவர இன்னொரு எம்.ஜி.ஆர் மாதிரி மக்கள் மத்தியில மாத்திருச்சு
மக்கள் என்றும் தளபதியின் பக்கமே!!",Support/Praise,Support for person
558,"
""உயிருடன் திரும்ப முடிந்ததற்கு நன்றி""
""பதிண்டா விமான நிலையத்திற்கு என்னால் உயிருடன் திரும்ப முடிந்தது. உங்களுடைய முதல்வருக்கு எனது நன்றியை தெரிவியுங்கள்"" பஞ்சாபில் நிகழ்ச்சிகள் ரத்து செய்யப்பட்ட நிலையில், பாதுகாப்பு அதிகாரிகளிடம் பிரதமர் மோடி கூறியதாக தகவல்!
Ji
SAAVU BAYATHA KAATITAANGA
PARAMAA",Troll/Oppose,Troll/Oppose Against Person
559,"

த்தா, யார்ரா இவனுங்க.. இவ்ளோ நாள் நம்மமல உ.பி -னு சொல்ட்டு இப்ப இவனுங்க DMK ஜெயிச்சதுக்கு சந்தோசப்பட்ரானுங்க..",Troll/Oppose,Troll/Oppose Against Party
560,"
பாஜக மாநில தலைவர் எல்.முருகன் பேட்டி! ""பாஜகவின் வேல் யாத்திரைக்கு தமிழகத்தில் இளைஞர்கள், பொதுமக்கள், ஆன்மீக பெரியோர்கள் மத்தியில் எதிர்பார்த்ததைவிட மிகப் பெரிய வரவேற்பு கிடைத்துள்ளது; வரும் 7ம் தேதி நிறைவு விழா திட்டமிட்டபடி நடைபெறும்”

*Sangis
Ethaiyathu olaritu iru
*TN peoples
",Troll/Oppose,Troll/Oppose Against Person
561,"After Demolishing the Culture & Houses of Chennai peoples and Introducing ""illam thedi Kalvi"" scheme by DMK

DMK*  
Me*  
A Vidiyal Look
",Troll/Oppose,Troll/Oppose Against Party
562,DONT ARGUE JUST SAY GRY AND KALAINGYAR✰ LIYIL VIJAY AND MOVE ON,Support/Praise,Support for party
563,"

Dr.Thiruma and Ambedkarites taking teachings of Ambedkar to nook and corner of India


Vijay anna and Aadhav Arjun claiming to take Ambedkar to everyone through a book launch function where they speak about everything except Ambedkar",Troll/Oppose,Troll/Oppose Against Person
564,"தமிழ்நாடு சட்டமன்றத்தில் நிறைவேற்றப்பட்ட
நீட் விலக்கு மசோதாவை
ஆளுநர் ஆர்.என். ரவி
அரசுக்கே திருப்பி அனுப்பினார்  ஆளுநர்

மத்திய நிதி அமைச்சர்

BJP/Annamalai

மக்கள் உங்க எல்லா வெச்சிக்கிட்டு உள்ளாட்சி தேர்தல் தனித்து போட்டு’னு சொன்னேனே பா!
என் புத்திய செருப்பாலேயே அடிக்கணும்!",Troll/Oppose,Troll/Oppose Against Person
565,"2000 ரூபாய்‌ நோட்டுகள்‌ இனி
செப்டம்பர்‌ வரை மட்டுமே
செல்லுபடி ஆகும்‌

-RBI",Troll/Oppose,Troll/Oppose Against Person
566,"திருவனந்தபுரம்‌ விமானநிலையத்தை அதானிக்கு
விற்கும்‌ விலைக்கே கேரளா அரசு வாங்கிக்கொள்ளும்‌

நாங்கள்‌ வாங்க தயார்‌
மத்திய அரசு விற்க தயாரா
பினராயி விஜயன்‌ கேள்வி",Troll/Oppose,Troll/Oppose Against Party
567,"*20 Yrs Old me  
*My Frd who blames me for not understanding Politics and he Supports NTK
",Troll/Oppose,Troll/Oppose Against Person
568,"முகக்கவசமின்றி கொரோனாவோடு வாழ நான்பழகி விட்டேன்

- அமைச்சர் செல்லூர் ராஜா
",Troll/Oppose,Troll/Oppose Against Person
569,"இருபவனை
வாயில சிமெண்டு வைத்தது
அடைத்தாலும்...

“சிமெண்டு சரியில்லனு தான்”
குறை சொல்வான்!",Support/Praise,Support for party
570,"தளபதி விஜய் திருச்சி வருகை...
திருச்சி தினறியது!!!",Support/Praise,Support for person
571,"தமிழ் நாடே அடி போகும் திருப்பு ஒண்ணு நாளை வரும் (13.10.2025)
தளபதி_அபினேஷ்",Support/Praise,Support for person
572,"உங்களுக்கு என்ன பிரச்சனைனாலும்‌ அதை ஆளுநர்கிட்ட
சொல்லுங்க..அதை தீர்த்து வைக்க தான அவர்‌ இருக்காரு.

பிரச்சனையே ஆளுநர்‌ தானே...",Troll/Oppose,Troll/Oppose Against Person
573,"
கொடி பறக்குதா *",Troll/Oppose,Troll/Oppose Against Person
574,Va Vathiyare Chinnamma kooda Sethu  C.M aaiduvom,Troll/Oppose,Troll/Oppose Against Person
575,"""அனைவருமே தேசிய விரோதிகள்""
""பிரதமரின் வருகையை கண்காணித்து போராட்டம் நடத்திய அனைவருமே தேசிய விரோதிகள் அனைவரையும் கைது செய்ய வேண்டும்""

ஹெச். ராஜா

அய்யோ அய்யோ மறுபடியும் வைதியம் வந்துட்டான்.!!!",Troll/Oppose,Troll/Oppose Against Person
576,"Hello vijay sir Jananayagan movie early Morning
show ku TN CM kitta permission vaankanum...

Naan CM thaan pesuren sollunka...",Support/Praise,Support for person
577,A1 Stalin 1000CR Running Successfully,Troll/Oppose,Troll/Oppose Against Party
578,"அன்றே கணித்தார் வடிவேலு
",Troll/Oppose,Troll/Oppose Against Person
579,"முக்கியசெய்தி  
25/10/2018  
முதலமைச்சர் பழனிச்சாமிக்கு வாழ்த்து சொல்ல அமைச்சர்கள்  
முதல்வர் வீட்டிற்கு வருகை

என்ன பியூட்டிக்கர் நாராயணா...
போனிகே ஆளாத ஜூட்டை நத்தளியை வைச்சு
இன்னும் 2 வருஷம் போனி பண்ணிறீங்க போனா

 எல்லாம் மீள்வளர்ச்சிக்கு குழந்தையை பிறந்த நல்லநேரம் தம்பி..!!

",Troll/Oppose,Troll/Oppose Against Person
580,"234 தொகுதிகளிலும் பா.ம.க தனித்து போட்டி
ராமதாஸ் பேட்டி
ஆரணி, பிப்.1:
தமிழக சட்டப்பேரவை தேர்தலில் 234 தொகுதியிலும் பா.ம.க
தனித்து போட்கள். இப்படி எல்லா தரப் மக்களும் பாதிக்கப்படுள்ளார்கள் 
கடைசி நே தில் முடிந்த கொள்ளை அடி கொள்ளலாம்

Sonna sol thavaramatan intha kottaisami Thalai keelagathan kuthika pogiran",Troll/Oppose,Troll/Oppose Against Person
581,இப்படி Assembly live ah பாக்குற அளவுக்கு மாற்றம் வரும் னு தெரியாது...,Support/Praise,Support for party
582,"இனிமே தமிழ்நாடு
எப்படிலாம் மாறப் போகுதுனு
ஓரமா நின்னு வேடிக்கை மட்டும்
மட்டும் பாருங்க…

The New Chief Minister of Tamil Nadu
C. JOSEPH VIJAY",Support/Praise,Support for person
583,"சுங்கச்சாவடி அகற்றப்படும், கேஸ் ரூ500க்கு வழங்கப்படும்
பெட்ரோல் 50க்கு வழங்கப்படும்

இதெல்லாம் நம்பர மாதிரியா இருக்கு...

நம்பலாத்தான் உனக்கு 200
",Troll/Oppose,Troll/Oppose Against Party
584,"Finally it's Happening
En nenjil kudi irukum TamilNadu Makkaleyyy..",Support/Praise,Support for person
585,"அண்ணாமலையும் வந்தாச்சு,
அண்ணாமலை ஹீரோயினும் வந்தாச்சு

அரசியல் விமர்சகர்

பாஜக
பிறகென்ன, அண்ணாமலை Hero மட்டும் தான் இன்னும் பாக்கி...

",Troll/Oppose,Troll/Oppose Against Person
586,"சொல்லுங்க! சொல்லுங்க! பாம்பேல் நாங்க இந்நா பணம் கொடுத்து இருந்ததுங்க சொல்லுங்க!!!

Bottom Section (dialogue):
ஐயோ நான் அங்க பாஜகவுக்கு சொல்லிச்சிக்கிட்டு இருந்ததை எப்படி இவங்கக்கிட்ட சொல்லுவேன்...",Troll/Oppose,Troll/Oppose Against Person
587,"தமிழ் நாடே ஆட்டம் போடும் தீர்ப்பு ஒன்னு நாளை வரும்..!

உங்க விஜய் நா வரேன்",Support/Praise,Support for person
588,"என்ன என்ன அதிகார திமிர்-ல பண்ணனுமோ எல்லாம் பண்ணுங்க!! எவ்வளவு ஆடணுமோ ஆடுங்க!! எவ்ளோ வேணாலும் FAKE NARRATIVE SET பண்ணுங்க!
Mark my words
விஜய் வெளிய வந்து என்ன பேசுறாரோ அதுதான் NARRATIVE அதுதான் உண்மை 100
You can't even touch his 10% of LEGACY",Support/Praise,Support for person
589,"
பொய் கூறியதால் தகுதி நீக்கம்
தினகரன் ஆதரவு எம்.எல்.ஏக்கள் தங்களது விளக்க அறிக்கையில், முதல்வருக்கு எதிராக பொய் குற்றச்சாட்டு கூறியதால் தகுதி நீக்கம்
- சபாநாயகர் தனபால் விளக்கம்
 தமிழ்நாடு
மருத்துவமனையில் ஜெயலலிதா இட்லி சாப்பிட்டார்
என்று பொய் சொன்னோம் தமிழ்நாடு
- அமைச்சர் திண்டுக்கல் சீனிவாசன்

இந்த பொய்யரை எப்போ தகுதி நீக்கம் செய்ய போறீங்க ஆபீஸர்.",Troll/Oppose,Troll/Oppose Against Person
590,After Vijay anna CM TN people Watching News channel...,Support/Praise,Support for person
591,"வீடு தூப்பரா இருக்கே..!
11:05am

தெங்க்ஸ், 20 வருசமா குறுவி சேகரு
மாதிரி சேத்துவச்சி கஷ்டப்பட்டு கட்டுன வீடு

சரி, எங்க பேருக்கு எழுதி குடுத்துரு..
",Troll/Oppose,Troll/Oppose Against Party
592,"ஜெயலலிதா சொத்துக்குவிப்பு வழக்கு..
உச்சநீதிமன்றத்தில் இன்று முதல் மீண்டும் விசாரணை…!

START — CAMERA — ACTION
என் ஷாட்டியிலும் நோயிலவே சாகும் மறுப்பட்ட பாவியும் கிரியே",Troll/Oppose,Troll/Oppose Against Person
593,"French
Its very Wrong Bro
0 விஜய்க்கு தலைமை பண்பே இல்லை
0 ஏன் விஜய் மீது வழக்குப் பதிவு செய்யவில்லை?
© TVK என்ன மாதிரியான கட்சி?
கரூர் சம்பவம் - Manmadedisaster
0 தலைமறைவாவது ஏற்கத்தக்கது அல்ல
புதிய தலைமுறை
0 விஜய் பரப்புரை வாகனத்தை பறிமுதல் செய்திருக்க வேண்டாமா? © ஏன் இந்த தாமதம்?
கட்டுப்படுத்தப்படாத கலவரம் போல் இது நடந்துள்ளது
0 நிகழ்ச்சி ஏற்பாட்டாளர்களுக்கு அரசு கருணை காட்டுகிறதா? O தொண்டர்கள், பின் தொடர்பவர்களை கைவிட்டு தலைவர் முதல் அனைவரும் மறைந்து விட்டனர்
0 தவெகவுக்கு குறைந்தபட்ச பொறுப்புக் கூட இல்லை © நீதிமன்றம் கண்மூடி வேடிக்கை பார்க்க முடியாது 0 சட்டத்துக்கு முன் அனைவரும் சமம்
0 ஆதவ் அர்ஜுனா சட்டத்திற்கு அப்பாற்பட்டவரா?
",Troll/Oppose,Troll/Oppose Against Person
594,"THAMBI SIMBHU HAPPY BEEP YEAR DA

AYIOO CAPTAIN ATHU LEAP YEAR",Troll/Oppose,Troll/Oppose Against Person
595,"

#மத்திய அரசு

உங்களுக்கு என்ன பிரச்சனைனாலும் அதை ஆளுநர்கிட்ட சொல்லுங்க..அதை தீர்த்து வைக்க தான அவர் இருக்காரு...

#திமுக

அந்த பிரச்சனையே ஆளுநர் தானே...",Troll/Oppose,Troll/Oppose Against Person
596,"பேய் ஒயிட்&ஒயிட் தடியா வாடா ஒத்தைக்கே ஒத்த

நாஞ்சில் 

என்ன அண்ணேனு ஒரு சின்னய்யா இப்ப சுப்ரோன்

நான் பேசாம இருக்கேன்னா அது போல நீயும் பேசாம இரு
",Troll/Oppose,Troll/Oppose Against Person
597,தமிழக வட்டால் நாகராஜ்..சைமன்,Troll/Oppose,Troll/Oppose Against Person
598,"தற்குறி! தாடி பாலாஜி விச்சி

தவவில இனைந்த தாடி பாலாஜி விஜயை
நெஞ்சில் Tattoo குத்தியிருந்தார். ஆனால்
இவருக்கு எந்த பொறுப்பும் கிடைக்காததால்
விச்சியில் Status போட்டுள்ளார்.
",Troll/Oppose,Troll/Oppose Against Person
599,"FROM TOMORROW, ON BEHALF OF MARIA WILSON FROM TVK,RS 5,000 MONTHLY AID, FAMILY MEDICAL INSURANCE, AND FULL EDUCATION EXPENSES (AS PER CHOICE) WILL BE PROVIDED TO THE FAMILIES OF THOSE WHO LOST THEIR LIVES IN THE KARUR TRAGEDY.
தமிழக வெற்றிர் தா தமிழக் கூவற்றிக கிழமை பிறப்பொக்கும் எல்லா உயிர்க்கும்
மரிய வில்சன்,
தலைவர் : ஜேப்பியார் தொழில்நுட்பக் கல்லூரி, உறுப்பினர்: தமிழக வெற்றிக் கழகம்.
அன்பான வணக்கம்,
VILIY_FANS MEDIA
தேதி: 13-10-2025
நாங்கள் அறிவித்தபடி, கரூரில் பாதிக்கப்பட்டவர்களுக்கு உண்டான பலன் சென்று சேரவேண்டும் என்பதற்காக ஒரு குழுவை அமைத்திருக்கிறேன். அக்குழு நாளை அவர்களை சந்திக்கிறது. ஏற்கனவே நான் அறிவித்தபடி. கல்வித் தகுதிக்கேற்ப வேலைவாய்ப்பு வழங்கிடவும், ஆயுள் காப்பீடு செய்து தரவும் ஏற்பாடு செய்யப்பட்டுள்ளது. இவை மட்டுமின்றி 5,000/- ரூபாயை ஒவ்வொரு மாதமும், பாதிக்கப்பட்ட குடும்பத் தலைவர்/தலைவியின் வாழ்நாள் முழுக்க வழங்க இருக்கிறேன். நாளைமுதல் என் குழு செயற்பாட்டை ஆரம்பிக்கிறது என்பதை தெரிவித்துக்கொள்கிறேன்.
துவண்டுபோனவர்களுக்கு துணைநிற்பதும், தோள் கொடுப்பதும் அறமே.",Support/Praise,Support for party
600,"அம்மாவுக்காக வெளியில் வெந்து மடிய தயார்; நாஞ்சில் சம்பத்!

ஹலோ மச்சி ஒருத்தன் மாடி இருக்கான்...
எவ்வள நேரம் வேலைனு சொல்லவுமே வெளியில் நிப்பான்..!!
",Troll/Oppose,Troll/Oppose Against Person
601,"டி கடை, பஸ், ஓட்டல் எங்க போனாலும்
சட்ட மன்றம் நிக்ழ்ச்சி தான் பாக்குறாங்க…

ஒன்னு மவில ஓடுது இல்ல,
மொத்தமா போன போக்குறாங்க…

என்ன மாறி ஒரு Change தலைவா",Support/Praise,Support for person
602,"உங்கிட்ட இல்லாத பணமா?
அப்புறம்‌ எதுக்கு கவர்மென்ட்‌
காசுல ஒங்கொப்பனுக்கு சமாதி
கட்டுற. வெக்கமா இல்லையா தல.

எங்கிட்ட எவ்வளவு இருந்தாலும்‌
ஊர்‌ காச ஆட்டைய போட்டு
கட்டுனாதான்‌ எங்கப்பன்‌ ஆத்மா
சாந்தியடையும்‌.",Troll/Oppose,Troll/Oppose Against Person
603,Finally C. Joseph Vijay எனும் நான…,Support/Praise,Support for person
604,Today Social Media Under controlled by Thalapathy Fan’s,Support/Praise,Support for party
605,"இப்படிதான் காமராஜர் ஒருமுறை அரசியலையே விட்டு விலகுறேன்னு என்னிடம் சொன்னார்ர்...
கதைய ரொம்ப முன்னாடி போயிட்டீங்க
எவ்ளோ முன்னாடி?
நீங்க பொறக்குறதுக்கு முன்னாடி",Troll/Oppose,Troll/Oppose Against Person
606,தளபதி விஜய் வீட்டுக்கு துணை இராணுவ படை அதிகரிப்பு. முதலமைச்சர் கலை வருது,Support/Praise,Support for party
607,"ஹிந்தி தெரியாதா... லோண்‌ இல்லை

“அடிமை ஆட்சியால்‌
தமிழகத்தில்‌ தமிழர்களின்‌ நிலை",Troll/Oppose,Troll/Oppose Against Person
608,"
""உயிருடன் திரும்ப முடிந்ததற்கு நன்றி”
“பதிண்டா விமான நிலையத்திற்கு என்னால் உயிருடன் திரும்ப முடிந்தது. உங்களுடைய முதல்வருக்கு எனது நன்றியை தெரிவியுங்கள்” பஞ்சாபில் நிகழ்ச்சிகள் ரத்து செய்யப்பட்ட நிலையில், பாதுகாப்பு அதிகாரிகளிடம் பிரதமர் மோடி கூறியதாக தகவல்!
Ji

SAAVU BAYATHA KAATITAANGA
PARAMAA",Troll/Oppose,Troll/Oppose Against Person
609," மு.க.ஸ்டாலின் அ.ராசா

திமுகவினர் யாரும் கண்ணியக் குறைவாக பேச வேண்டாம் -
மு.க.ஸ்டாலின் அறிவுரை.

முதலமைச்சர் பதவி என்றோட பல வருஷ கனவுடன, அதுல மன்னர்கள் போட்டுறாதீங்கடா....!!!

",Troll/Oppose,Troll/Oppose Against Person
610,"திருநாவுக்கரசர் யார் என்றும் தெரியாது -
ஊவிகேஎஸ் இளங்கோவன்

நல்லா பாருங்க.. இந்த மூஞ்சிய உங்களுக்கு தெரியவே தெரியாதா?

",Troll/Oppose,Troll/Oppose Against Person
611,"
மோடிவடைகடை
வாயால் மட்டுமே வடை சுடுவோம்
இன்று சிறப்பு தள்ளுபடி
1 வாங்கினால் 2 இலவசம்",Troll/Oppose,Troll/Oppose Against Person
612,"அதிமுக-திமுக தேர்தல் விளம்பரத்தில் ஒரே மூதாட்டி.  
ஏன்டா உங்களால கிழவிய கூட மாத்த முடியல,  
நீங்க நாட்ட மாத்துறீங்களா? ",Troll/Oppose,Troll/Oppose Against Party
613,"ரூ. 2,989 கோடியில் 600 அடி உயரத்தில் உருவாகியுள்ள இந்தியாவின் இருப்பு மனிதர் சதார்வல்லபாய் பட்டேலின் சிலை திறப்பு!

*சூனா பாணா*

 இந்த உலகத்திலேயே காக்காவுக்கு கக்கா போக ₹3,000 கோடி ரூபாயில் கக்காஸ் கட்டின ஒரே கோஷ்டி உங்கள் கோஷ்டி தாயா
",Troll/Oppose,Troll/Oppose Against Person
614,"டேய் ஓடாத ஓடாத சத்தம் போட்டு காடிக்க குடித்துராத
அறிவாலயம்
திருமா
வைகோ
சனாதன தர்மத்தை ஒழிப்போம்
பிஜேபியை வர விட மாட்டோம்
",Troll/Oppose,Troll/Oppose Against Person
615,"“ஆட்சி அதிகாரத்தை விட,
மக்கள் பயனடையும் திட்டங்கள்
தொடர வேண்டும் என்பதே
எனது விருப்பம்.”

விடியல் பயணம்,
காலை உணவுத் திட்டம்
போன்றவற்றை
தொடர வலியுறுத்திய
தன்னலமற்ற தலைவர்!",Support/Praise,Support for person
616,"12.05.2025 அரசியல் POST
அதிமுக: 55 முதல் 65
த.வெ.க: 95 முதல் 105
தி.மு.க: 75 முதல் 85
சர்வேக்களில் முன்னும் விஜய், அதிர்ச்சியான பிற கட்சிகள்...”",Support/Praise,Support for party
617,"மீம்ஸ் கிரியேட்டர்களே!
அப்படி என்ன தப்பு செஞ்சு விட்டோம் நாங்க! மக்கள் வயித்துல அடிச்சு புடிச்சான் னு சொல்றதுக்கு, அவன் கோர்ட்ல 4 பேர்ல விளம்பரம் குடுத்தான். அதுக்கு இப்படிச் சீட்டி ஓடுது",Troll/Oppose,Troll/Oppose Against Person
618,"*EPS  
alliance with BJP  
Election with BJP  
Praising BJP  
""ஊழலுக்கு எதிரான நெறுப்பு மோடி""
",Troll/Oppose,Troll/Oppose Against Person
619,"யாரோ பத்து பேர அடிச்ச டான் ஆனவர் இல்ல இவர்...!!
இவர் அடிச்ச 10 பேரும் டானுங்க தான் டா.
#NoGutsNoGlory_EPS",Troll/Oppose,Troll/Oppose Against Person
620,"திருட்டு திராவிடம்
முட்டுமுட்டு 

காட்டியும், கூட்டியும் கொடுக்கும் ஊடகங்கள்

உதயா நியூஸ் : மேகதாது வழக்கு
அனை கட்டியே தீர வேண்டும்.!

சன் நியூஸ் : கர்நாடகம் அனைத்து கட்டினால்
தமிழக விவசாயிகள் பாதிக்கப்படுவார்கள்.!
",Troll/Oppose,Troll/Oppose Against Party
621,Boss.. இங்க vijay அண்ணன் CM ஆகிட்டாரு.. இன்னும் Jananayagan movie க்கு certificate தராம இருக்காங்க...,Support/Praise,Support for person
622,": Intha arasu kuthirai vegathil seyalpadum arasu Kuthirai perathil seyalpadum arasu alla!
:| will Rethink about it(Radhan Pandit issue)
: முந்தைய அரசால் கொண்டு வரப்பட்ட முக்கிய மக்கள் நலத்திட்டங்கள் தொடரும்",Support/Praise,Support for party
623,"எடப்பாடி காதில் அடித்த தொண்டர்கள்
என்ன இப்படி அடிக்கிறாங்க
சொந்த கட்சிக்காரனே காது மேலேயே அடிக்கிறான்",Troll/Oppose,Troll/Oppose Against Person
624,"யாரெல்லாம் பவானி gang
யாரெல்லாம் JD gang
யாரெல்லாம் பார்கவ் gang",Troll/Oppose,Troll/Oppose Against Party
625,"*Random vijay hater trolling him for his speech*

Client call la ethachum question ketta adhuku answer
panna theriyama mulikira namakellam idhu theyava
gopi..",Troll/Oppose,Troll/Oppose Against Person
626,"What Life am really expected?
But how is my lifereally going",Troll/Oppose,Troll/Oppose Against Person
627,"""ஸ்டாலின்‌ என்றால சாதனை”

""கருணாநிதி இருந்திருந்தால்‌ ஸ்டாலின்‌ என்றால்‌
சாதனை... சாதனை... என்று சொல்லி இருப்பார்‌""

- முதலமைச்சர்‌ ஸ்டாலின்‌
",Troll/Oppose,Troll/Oppose Against Person
628,"இந்த மக்களை பார்த்தால் சிரிப்பு சிரிப்பாக வரும்...!!

இந்த புகழ் எல்லாம் மோடிஜிக்கு  
எது எப்படி எல்லாம் என்றாட குருப்பு எல்லாம் வெள்ளையாக மாத்தியாச்சு...!!!
",Troll/Oppose,Troll/Oppose Against Person
629,"நெஞ்சமே சிக்கலாகும் சகுகளே...
சத்ரு முன் பிறிந்த தங்கை நுங்கள்

அனுப்பி வைத்தால் தமிழக முதல்வர்  
அடைத்து வைத்தால் காஞ்சாக முதல்வர்

அம்மா  
THE C M FOREVER AND WHEREEVER

அமமுக சேலம்
",Support/Praise,Support for person
630,யாரு இவன்...யாரு இவன் தெர்மாகோல் தூக்கி போறானே?,Troll/Oppose,Troll/Oppose Against Person
631,"மாநாட்டின் போது விபத்தில் பலி - விஜய் நீதியுதி

தமிழக வெற்றிக் கட்சி மாநாட்டிற்கு சென்று 
போது, விபத்தில் உயிரிழந்தவர்களின் குடும்பங்களுக்கு ரூ.2 லட்சம் நிதியுதவி வழங்கினார் விஜய்  

குடும்பச்சுழல் பொருத்து, சிலருக்கு கூடுதல் நிதி. இன்றதவர்களின் குழந்தைகள் கல்வி செலவும் த.வெ.க ஏற்றுள்ளதாக தகவல்  
Antha manasu than sir kadavul
",Troll/Oppose,Troll/Oppose Against Person
632,"அண்ணாமவயையும்‌ வந்தாச்சு,
அண்ணாமலை ஹீரோயினும்‌
வந்தாச்சு

பிறகென்ன, அண்ணாமலை
Hero மட்டும்‌ தான்‌ இன்னும்‌
பாக்கி...",Troll/Oppose,Troll/Oppose Against Person
633,"தமிழ்ப்‌ புதல்வன்‌ எல்லாம்‌ ஒரு திட்டமா? -
சீமான்‌

: வேற எது சார்‌ நல்ல திட்டம்‌?

~ ஆடு, மாடு மேய்க்கிறதை அரசாங்க
தொழில்‌ ஆக்குறது! 
",Troll/Oppose,Troll/Oppose Against Person
634,"Human Resources 
          OR
Human Roses 
",Troll/Oppose,Troll/Oppose Against Person
635,"பட்டேல் சிலை சதந்தர தேவி சிலையை விட 2 மடங்கு உயரம் பக்தாள்ஸ்

அடேட்டார் மதிப்பு இந்திய ரூபாய் விட 74 மடங்கு அதிகம்..! அது கவனிக்கடா..?

மேய்க்கிறது எரும ..?? இதில வேற பெறும
",Troll/Oppose,Troll/Oppose Against Person
636,"

""எனக்கு த்ரிஷா தா வேணும்"" என அடம்பிடித்து கேட்டு வாங்கிய அதிமுக அமைச்சர்",Troll/Oppose,Troll/Oppose Against Person
637,C. joseph vijay enum naan.. GOOSEBUMPS..,Support/Praise,Support for person
638,"உள்ளாட்சித் தேர்தலில் அதிமுக, திமுகவுக்கு  
பாஜக கடும் சவாலாக இருக்கும்: தமிழிசை  

சவால் சாஸ்தியா இருக்குமாமேடா ..  
ரெடியாய்க்கோடா சுணா.. பாணா!",Troll/Oppose,Troll/Oppose Against Person
639,A 75 YEAR OLD PARTY FEARS A 2 YEAR OLD PARTY,Support/Praise,Support for person
640,"காந்தி தாத்தா, நேரு மாமா இருக்கும் போது..

மோடியம்மா இருக்க கூடாதா.. போவியா!",Troll/Oppose,Troll/Oppose Against Person
641,"#DMKfails
மாம்பழத்தில் சிறந்த பழமும் இல்லை
ஜாதி எனபது ஒரு தவறும் இல்லை...
- கட்டுமரம்

SAVE MANGO

மாம்பழ தலைவரை கவர
நம்ம கட்டுமரம் புதுவிதமான
டெக்க்னிக் எல்லாம் யூஸ் பன்றாருபா...
பலே பாண்டியா",Troll/Oppose,Troll/Oppose Against Person
642,"நோ சூடு,நோ சோறனை
எவ்வளவு திட்டினாலும் அறிவே வராத டா..",Troll/Oppose,Troll/Oppose Against Person
643,"இவ்வளோ நாள் இத Gemini AI-ல edit பண்ணித்தான் அண்ணா போட்டுட்டு இருந்தேன்... 

இனிமேல் இத edit பண்ண வேண்டிய அவசியமே இல்ல அண்ணா.. 

முதலமைச்சர்",Support/Praise,Support for person
644,"BREAKING NEWS

தவறு செய்தால் பதவி நீக்கம் - அமைச்சர்களுக்கு எச்சரிக்கை

அமைச்சர்கள் தங்கள் துறையில் தவறு செய்தால் பதவியில் இருந்து நீக்கப்போவோம் என்று முதல்வர் மு.க.ஸ்டாலின் எச்சரிக்கை

Oru Nalla CM kedachutaru nu Perumaiya irukku..",Support/Praise,Support for person
645,"Reporters  
Sir, Captain Vijayakanth engala paathu thuppitaru
Super ba, adutha sensational news kedachirichu.. 5000 increment
",Troll/Oppose,Troll/Oppose Against Person
646,"முதலமைச்சராக மாறிய பின்பும்
அந்த எளிமை போகவில்லை.
மேசையை நகர்த்த உதவி செய்தார் அண்ணன்!
திரு.ச. ஜோசப் விஜய் அவர்கள்
தலைமையிலான
அமைச்சரவை பதவியேற்பு விழா",Support/Praise,Support for person
647,"KalaignarKarunanidhi
@kalaignar89

ஓர்‌ அமைச்சரவையில்‌ தவறு

செய்த அமைச்சர்களே இத்தனை

பேர்‌ என்றால்‌, அந்தக்‌ கட்சியின்‌

செயல்பாடு எத்தகையது? அந்தக்‌

கட்சியை ஆட்சிக்கு வரவிடலாமா?    CODE WORD ACCEPTED!",Troll/Oppose,Troll/Oppose Against Party
648,"விஜயபாஸ்கர்
ஒருத்தன் என்னடானா எனக்கு சுகர் இருக்கு பி.பி இருக்கு ஓட்டு போடுறான்..

எடப்பாடி
ஒருத்தன் அம்மாவ திட்டிட்டாங்க ஓட்டு போடுறான்னா.. எவனாவது இந்த அஞ்சு வருஷ ஆட்சியில் என்ன செஞ்சோம்னு சொல்லி ஓட்டு கேட்டுரானுங்களானு பாரு..

",Troll/Oppose,Troll/Oppose Against Party
649,"நீங்க இப்ப யார மின்ஸ் பன்றதா லீல பண்ணுறீங்க?

நாஞ்சில் சம்பத்... அவருக்காக நாங்க ஒன்னுமே செஞ்சதில்ல...",Troll/Oppose,Troll/Oppose Against Person
650,"""விவாகங்களில் அதிமுக பங்கேற்காது!""
தொலைக்காட்சி மற்றும் சமூக ஊடக விவாதங்களில்
அதிமுக இனி பங்கேற்காது!

- அக்கட்சியின் ஒருங்கிணைப்பாளர்கள் ஒ. பன்னீர்செல்வம்,
எடப்பாடி பழனிசாமி கூட்டறிக்கை

நாங்க இனி எந்த விவாதத்துக்கும் வரமாட்டோம்!!",Troll/Oppose,Troll/Oppose Against Person
651,"தமிழ்நாடு சட்டமன்றத்தில் நிறைவேற்றப்பட்ட நீட் விலக்கு மசோதாவை ஆளுநர் ஆர்.என்.ரவி அரசுக்கு திருப்பி அனுப்பினார்
* ஆளுநர் 
* மத்திய நிதி அமைச்சர் 
* BJP / Annamalai 
* மக்கள்

உங்க எல்லா வெச்சிகிட்டு உள்ளாட்சி தேர்தல' தனித்து போட்டி'னு சொன்னேன பா, என் பத்திர செய்தியாலேயே அடிக்கணும்!
",Troll/Oppose,Troll/Oppose Against Person
652,"
தியேட்டருக்கு ஒரு பெரிய கூட்டத்த இழுக்க இவரால தான் முடியும்100
6- 60 வரை இவரோட படம்தான் மொத்த பேரையும் தியேட்டர்ல பார்க்க வைக்கும்/
இப்படி எல்லா தரப்பு மக்களையும் வசீகரிக்க கூடிய One Last Decade Of Actor & Entertainer இவராதான் இருக்கும்!!
தளபதி ஹரி
கிலி",Support/Praise,Support for person
653,"இலவச மடிக்கணினித் திட்டம்!

கல்வி முன்னேற்றத்தின்
டிஜிட்டல் பாதை!

அம்மாவின் ஆட்சியில்
கல்விக்கு கிடைத்த
புதிய உயரம்!

டிஜிட்டல் உலகத்தை
மாணவர்களின் கைகளுக்குக் கொண்டு வந்த
இலவச மடிக்கணினித் திட்டம்!

எல்லா மாணவர்களுக்கும் சம வாய்ப்பு
தொழில்நுட்ப கல்விக்கான வளமான அடித்தளம்
எதிர்கால வெற்றிக்கான நீச்சயமான முதலீடு

கல்வி வளர்ச்சி – சமூக முன்னேற்றம் – அதிமுகவின் உறுதி!",Support/Praise,Support for party
654,நீங்க என்ன ஆளுங்க?  CM ஆளுங்க sir.,Support/Praise,Support for person
655,"பொருக்கி அரசியல் திமுக...
ஒன்னும் வெலங்கல இந்த சுடலை
ஆட்சில",Troll/Oppose,Troll/Oppose Against Party
656,"*இனிகுலைக்காது,,,!!!?27?2இனி
மதுக்கடை,, ஸ்டெர்லைட்‌,,, இலங்கை

தமிழர்‌ பிரச்சினை இனி இல்லை!!!",Troll/Oppose,Troll/Oppose Against Person
657,"அவர்கள்! என்னை பற்றி கேள்வியும், கண்டனமும் செய்து கொள்ளட்டும் எனக்கு கவலையில்லை...
 சார்பு
ஆனால்! உங்களிடத்தில் ஒன்றை மட்டும் சொல்லிக்கொள்ள கடமைப்பட்டிருக்கேன்
""காரம் சிறித்தாலும் கடுகு குறையாது""
",Support/Praise,Support for person
658,,Troll/Oppose,Troll/Oppose Against Person
659,"நாங்க அடிவாங்காத ஏரியாவே கிடையாது  
சிறுத்தை குட்டி
",Troll/Oppose,Troll/Oppose Against Person
660,"“எதிர் காலம் வரும்
என் கடமை வரும்
இந்த கூட்டத்தின் ஆட்டத்தை ஒழிப்பேன்”
— Actress Lakshmi

• “ஒரு சீட் கூட ஜெயிக்க மாட்டார் விஜய்”
• “10 சீட் கூட ஜெயிக்க மாட்டார் விஜய்”
• “வெறும் அட்டகாசம் தான் விஜய்”
• “வீட்டை விட்டு வெளியே வரமாட்டார் விஜய்”
• “விஜய்கு வருவனவில் அடுத்த கூட்டம் தான்”
• “காத்தில் இல்லாதவர் விஜய்”
• “நண்பர்களுக்கு வாகனத்தையே கமிஷன் விஜய்”
• “TVK ஒரு தனி அண்ணில் கூட்டம்”",Support/Praise,Support for party
661,"திராவிடமா...?
எடுக்க வந்தேன் சார் நான்...",Troll/Oppose,Troll/Oppose Against Person
662,"அரசுப் பள்ளி மாணவர்கள்
மருத்துவராகும் கனவை
நனவாக்கிய

7.5%
உள் ஒதுக்கீடு

சமூக நீதியின் அடையாளம்.

அரசுப் பள்ளிகளில் படித்த மாணவர்களுக்கு
மருத்துவ படிப்பில் 7.5% உள் இட ஒதுக்கீடு

கிராமப்புற மற்றும் சமூகத்தில் பிற்படுத்தப்பட்ட
மாணவர்களுக்கு உயர்கல்வி வாய்ப்பில் முன்னுரிமை

டாக்டராகும் கனவை சாத்தியமாக்கிய
அம்மாவின் மனிதநேய முடிவு

கல்வி வாய்ப்பில் சமத்துவம் –
சமுதாயத்தில் முன்னேற்றம்!",Support/Praise,Support for party
663,"""மாணவிகள் 'அப்பா.. அப்பா..' என என்னை அழைக்கும்போது.."" கண்கலங்கிய முதலமைச்சர்
",Troll/Oppose,Troll/Oppose Against Person
664,"BREAKING NEWS
Made in India என்பதை போல
Made in Tamilnadu என்ற
கூரல் உலகம் முழுவதும் ஒலிக்க
வேண்டும்: இதுவே தமிழக
அரசின் லட்சியம்
– முதலவர் மு.க.ஸ்டாலின்

 இத நம்ம விலன்லயே இல்லையப்பா!!",Troll/Oppose,Troll/Oppose Against Person
665,"ஏய் என்ன விஜய் கூட கூட்டணி போக
மாட்டீங்க அப்படி தான ???
கூட்டணியே வேணா !!”

பேசாம re-election வைக்க நாங்க
எங்க அண்ணாவ single majority ல
ஜெயிக்க வைக்குறோம்…!! 😎🔥

“C. ஜோசப் விஜய் எனும் நான்
இந்த கேஸ்ல ஆகதம் !!",Support/Praise,Support for person
666,"தேர்தல் பரப்புரை
இப்படி கூட்டம் கூட்டமா சுத்துறானுக..
இதெல்லாம் சுகாதார துறை கண்ணுல படாது..

வெணாவது இளிச்சவாயன் மாஸ்க் போட்டலைய்னா உடனே ஃபைன் போடுறது...

",Troll/Oppose,Troll/Oppose Against Party
667,"வாய் விபச்சாரி ச்ச்சிமாணே  
வாயினை அடக்க இல்லை  
என்ரால் அடக்கப்படுவாய்...

மு. பிரகாஷ் BBA.,LLB.,
நகர் சமூக சேவகர்  
சங்கரங்கோவில் - தெற்காட்சி வட்டமாண்டி",Troll/Oppose,Troll/Oppose Against Person
668,"எதிர்க்கட்சித் தலைவராகிறார் ஸ்டாலின்

ஸ்டாலின்
கருணாநிதி

ஏன் டாடி. இது நியாயமா.. சீம்-னா நீங்க, ஆப்போசிஷன் லீடர் மட்டும் நானா.. ?",Troll/Oppose,Troll/Oppose Against Person
669,"
அப்போ அந்த பில்லுலையும் பேரு இல்லையா?? லஞ்சம் இப்போ அன்பளிப்பா ஆகிடுச்சா!!
#அரசியல்கோமாளி_அண்ணாமலை
யார்ர தேடுற..
அண்ணாமலைன்னு ஒரு மானஸ்தன் இருந்தான்
அவனை தான் தேடுறேன்!",Troll/Oppose,Troll/Oppose Against Person
670,"விஞ்ஞான ரீதியாக ஊழல் பண்ண தெரியுமா? கட்ட பஞ்சாயத்து பண்ண தெரியுமா? அப்பாவி மக்களோட நிலத்தை அபகரிக்க தெரியுமா?
சட்டமன்றத் தேர்தலுக்கான கழக உறுப்பினர்களின் நேர்காணல்
[கசோ கட்டுமரம்
இவ்வளவு வருஷமா கட்சியில இருக்கேன். இதுகூட தெரியாத தலைவரே!",Troll/Oppose,Troll/Oppose Against Person
671,"ஜெய் விஜயகாந்தா..ஜெய் பிரேமலதா...ஜெய் கதிஷாய.. எப்படியாவது எங்க கூட்டணிக்கு வந்துடுங்கப்ய...
உதயநிதி
சபரீ சன்
தயாநிதி
ஸ்டாலின்
கப்சா கருணாநிதி
அசேர கட்டுரைன்)",Troll/Oppose,Troll/Oppose Against Person
672,"OFFICIAL!!!
THALAPATHY VIJAY'S PEOPLE MEETING EVENTS PLANNED FOR THE NEXT TWO WEEKS STAND POSTPONED.
FRESH DATES WILL BE SHARED LATER WITH THE APPROVAL OF THALAPATHY VIJAY.
VIJAY FANS MEDIA",Support/Praise,Support for person
673,"""Sticker போட்டா jail-அ?""

""அதான் சொல்றேன்...""

தமிழ் போங்க தமிழ்...
அம்மாவகுக்கு ஸ்டிக்கர் ஓட்டு சின்ன செஞ்சவன்தான் பேர் வைக்குற போறலயா?",Troll/Oppose,Troll/Oppose Against Person
674,"*IRUNGA BHAAI
2026-ல் 
#TN_AIADMK VERSION
தான்

2026 தேர்தலில் தி.மு.க கூட்டணி 
234 தொகுதிகளையும் வென்றாலும் ஆச்சரியமில்லை",Troll/Oppose,Troll/Oppose Against Party
675,"#மத்திய அரசு  
மாநில ஆளுநருக்கு எல்லாரும் நல்ல மரியாதை குடுங்க..

#தமிழ்நாடு  
ஆட்டுக்கு தாடியும் நாட்டுக்கு ஆளுநரும் தேவையில்ல..

#மற்ற மாநிலங்கள்  
பேசாம இங்க முற்போக்களே...
",Troll/Oppose,Troll/Oppose Against Party
676,"அண்ணா இன்னைக்கு நீ முதல்வராக இருக்கலாம்

சின்ன வயசுல இருந்து எங்க எல்லாருக்கும் பிடிச்ச எங்களில் ஒருத்தரா நேசிச்ச அந்த ""இளைய தளபதி விஜய்"" எப்பவும் மனசுல அழியாம இருப்பாரு ""இருக்காரு""

எப்பவும் மறக்கவும் மாட்டோம் ""மறக்கவும் முடியாது""",Support/Praise,Support for person
677,"வீட்டு வாடகையே நண்பர்கள்தான் தருகிறார்கள்: அண்ணாமலை
வீட்டு வாடகை, ஊழியர்கள் சம்பளம், அடப்பாவி.. ஆட்டுக்குட்டி நீயா.. காருக்கு பெட்ரோல் எல்லாவற்றையும்
நண்பர்கள்தான் தருகிறார்கள்
- தமிழக பாஜக தலைவர் அண்ணாமலை
அந்த நண்பர் யாரு 2438 கோடி ஆட்டைய போட்
",Troll/Oppose,Troll/Oppose Against Person
678,கரும்பு தோட்டத்தில் சிமெண்ட் ரோடு போட்டு நடந்து வரும் நவீன விவசாயி…,Troll/Oppose,Troll/Oppose Against Person
679,Kaaval thuraiyin nibandhanaigalai erka TVK maruppu Kaaval thurai athiga nibandhanai vidhithathaal neethi manraththai naadu mudivu Stalin angil adi balamaa  TVK for TN,Troll/Oppose,Troll/Oppose Against Person
680,"ஆர்.கே.நகர் பக்கம் போக தினகரன் பயப்படுகிறார் - செய்தி

நீ போடா.. நான் எப்படியும் போவேன்..
போனா காசு கேப்பாய்ங்கடா.. காசு கேப்பாய்ங்க!

",Troll/Oppose,Troll/Oppose Against Person
681,"EPS~ URULA ARREYAR GUYS ATHIGAMA...ILLA ALL
CLEAR GUYS ATHIGAMA....

OPS~ ARREYAR GUYS THAN

EPS~ APO NAMBA ELECTION LA JEICHACHU",Troll/Oppose,Troll/Oppose Against Person
682,"முதல்வர்‌ கனவுடன்‌
யார்‌ வேண்டுமானாலும்‌
வரலாம்‌; முதல்வராக
 ஸ்டாலினுக்கு மட்டுமே
 தகுதிஉண்டு.

இதே வார்த்தைய தான்‌ இரண்டு வருசத்துக்கு
முன்னாடி என்‌ கிட்ட சொன்னான்‌.

இவன்‌ இன்னும்‌ திருந்தலையா.",Troll/Oppose,Troll/Oppose Against Person
683,"எளிமை என்பது
ஒரு வார்த்தையே இல்லை…
இந்த படத்தில்
மூலம் எளிமையின்
அடையாளம்!",Support/Praise,Support for person
684,"Reports: Thalapathy Vijay to meet families of the Karur stampede
victims on Oct 17!
think it
நாட்
பிறப்பொக்கும் எல்லா !
தமிழக வெற்றி கொடியேற்று
கீழகக கொடியே
விஜ
தமிழக வொ",Support/Praise,Support for person
685,"என்னை யாராவது 10 வினாடி புகழ்ந்தாலே என் உடம்பு அருகுவக்கும் - அன்புமணி

அப்படி நான் என்னத்த கிழிச்சிட்டேன்னு..
எனக்கு பாராட்டு விழா?

அப்படி நான் என்னத்த கிழிச்சிட்டேன்னு..
எனக்கு பாராட்டு விழா?",Troll/Oppose,Troll/Oppose Against Person
686,"முன்ன மாதிரி கோயில்ல இப்ப சிறப்பு வழிபாடு பண்டதில்லையே?! ஏன்?

மறுபடியும் அம்மா ஜெயலுக்கு போரதுக்காக காத்துக்கிட்டிருக்கோம்
",Troll/Oppose,Troll/Oppose Against Person
687,"நீ எந்த கடவுளுக்கு பொறந்த 
",Troll/Oppose,Troll/Oppose Against Person
688,"அட யார இவள்‌ இங்க இன்னும்‌ கர்நாடககாரன அடிக்கவே
ஆரம்பிக்கல அதுக்குள்ள பாதுகாப்பு கேக்குறான்‌ ்‌

முக்கியச் செய்திகள்
தமிழகத்தில் வாழும் கர்நாடக மக்களுக்கு பாதுகாப்பு அளிக்க வேண்டும்
கர்நாடக முதல்வர் சித்தராமையா கருத்து
",Troll/Oppose,Troll/Oppose Against Person
689,"டோக்களைச் சின்னம் இல்லை
கட்சிப் பெயரோ, படமோ இல்ல
*Dmk
இதுவரைக்கும் நீங்க எங்களை
வில்லனா தான் பார்த்தீங்க
இனிமே ஹீரோவா பாப்பீங்க",Troll/Oppose,Troll/Oppose Against Party
690,"
She happy with her new bf.

Tharkuri me with her memories

தற்குறி! தாடி பாலாஜி விரக்தி

தவெகவில் இணைந்த தாடி பாலாஜி விஜய்யை நெஞ்சில் Tattoo குத்தியிருந்தார். ஆனால் இவருக்கு எந்த பொறுப்பும் கிடைக்காததால் விரக்தியில் Status போட்டுள்ளார்.",Troll/Oppose,Troll/Oppose Against Person
691,"நேத்து திமுகக்கு கூடின கூட்டத்தை பார்த்ததில் இருந்து ஒரே யோசனை..

*சங்கீஸ்  
எப்படி அப்படிச் கூட்டம் கூடுறதுன்னா..?

அது அனாவசியம்.. திமுக கொடி தெரியாத HD PHOTOS மட்டும் குடுத்தீங்கன்னா..

வங்காளத்தில் மோடிக்கு கூடிய காவி சேனையென்று 2 கோடியை போட்டு WHATSAPPல அனுப்பிடுவோம்.
",Troll/Oppose,Troll/Oppose Against Party
692,"இந்த அரசு துணை போதலில் இருக்கும் அரசு.

எதிர்க்கட்சி தலைவர் @Udhaystalin

இந்த அரசு துணை போதலில் இருக்கும் அரசு அல்ல;
“இந்த அரசு துணை வேதலில் செய்யப்படும் அரசு” 🐅🦁✅✅

என்ற எகிறி கத்தி தலைவர் விமர்சனத்திற்கு
பதிலடி கொடுத்த நம் தலைவர்,
முதலமைச்சர் @TVKVijayHQ",Support/Praise,Support for person
693,"காமராஜரின் கல்வி,
அண்ணாவின் அறிவு,
எம்.ஜி.ஆரின் அன்பு...

இவை அனைத்தையும்
சமந்து வந்திருக்கிறார்
உங்கள் வீட்டுப் பிள்ளை!

கோட்டைக்கு
இது வெறும் வருகை அல்ல...
ஒரு புதிய கொள்கைக்கான
தொடக்கம்!",Support/Praise,Support for person
694,"
குடும்பத் தலைவிகளுக்கு மாதம் ரூ.1,500 வழங்கப்படும்
முதல்வர் பழனிசாமி வாக்குறுதி
என்‌ பொண்டாட்டிக்கு 1500 ரூபாய்‌
குடுக்கியய எனக்கு ஒரு கோட்டர்‌ வாங்க
100 ரூபாய்‌ குடூத்தியா",Troll/Oppose,Troll/Oppose Against Person
695,"தமிழக பாஜக தலைவர் எல்.முருகன் உள்ளிட்ட 43 பேர் இன்று மாலை மத்திய அமைச்சர்களாக பதவி ஏற்கின்றனர்: அதிகாரப்பூர்வ அறிவிப்பு
",Troll/Oppose,Troll/Oppose Against Person
696,"AI யா நிஜமாக்கிய
இன்னொரு கனவு இது…

திரையில் பார்த்த தலைவர்,
இன்று தமிழ்நாட்டின்
முதலமைச்சர் நாற்காலியில்!",Support/Praise,Support for person
697,"RK NAGER  
தேர்தலுக்கு 86 கோடி மக்களுக்கும் அதிமுக சின்னமா  
எங்கடா சொல்றீங்க..!!  
எனக்கு வரல..!!
",Troll/Oppose,Troll/Oppose Against Person
698,"FDFS reviews ku wait pannitu irundha engala, court hearings ku wait panna vachutiye na
In trend uh",Support/Praise,Support for person
699,"
TVK vs DMK
விஜயின் பேச்சு.. சீமான் நச் பதில்
கொள்கை பற்றி கேட்காமல் கூட்டணி
பற்றியே கேட்கிறீர்கள்..
பஞ்ச் டயலாக்.
சீமான் அவர்களே முதலில் தம்பின்னு சொல்றது முதல் வார்த்தை
நிறுத்துங்கள் உன்ன மாதிரி தவறுவது யாருமே இல்லை",Troll/Oppose,Troll/Oppose Against Person
700,"நெய் விலை உயர்வு  
பால் விலை உயர்வு  
குழநீர்வரி உயர்வு  
மத்தனைஞ் விலை உயர்வு  
மின் கட்டணம் உயர்வு  
வீட்டுவரி உயர்வு  
சொத்துவரி உயர்வு
",Troll/Oppose,Troll/Oppose Against Party
701,"INDIA ATROCITIES

 BJP baktas
annch intha nattoda prime ministerenna nallathu senjirukaru makkaluku

TN people
atha epdi da Enna pathu antha kelvi ketkara",Troll/Oppose,Troll/Oppose Against Party
702,"பெட்ரோல்‌ விலையை ஏன்டா
கூட்டுறீங்கன்னு கேட்டா...
பெட்ரோல்‌ உபயோகத்தை
குறைப்பதற்காகன்னு சொல்றானுங்க...
சரி...கேஸ்‌ விலையை ஏன்டா
கூட்டுறீங்கன்னு கேட்டா...திங்குறதை
குறைங்கடான்னு சொல்லுவானுங்க
போல...",Troll/Oppose,Troll/Oppose Against Party
703,"ஓரே தலைவன்  
வேற்கலையைத் தேடி  
திட்டத்தை அறிமுகம் செய்த  
ஓரே தலைவன்
",Support/Praise,Support for person
704,"இப்ப நீ என்ன பண்ற.. Jananayagan Movie la Thalapathi vijay னு உள்ள
பெயர் ah தூக்கிட்டு ""CM vijay"" னு
edit பண்ற...",Support/Praise,Support for person
705,"பெரம்பூர் தளபதி முன்னிலை. இது வெறும் ஆரம்பம் தான்!! இனிமேல்தான் ஆட்டமே இருக்கு..!

Breaking News: தபால் வாக்கு - பெரம்பூரில் தவெக முன்னிலை (Postal Vote - TVK leads in Perambur).

Candidate Score: சி.ஜோசப் விஜய் (C. Joseph Vijay) - 75 vs ஆர்.டி.சேகர் (R.D. Sekhar) - 25.",Support/Praise,Support for person
706,"
ஜனநாயக ரீதியில்
கருத்து வேறுபாடு இருக்கலாம் : கட்சியில் எந்தப்பிளவும் இல்லை;
ஒற்றுமையாகதான் உள்ளோம்
-தம்பிதுரை
நாங்க எல்லாம் ஒரே கட்சிதான் சிம்ரன்! நான் அவன் குடும்பத்த கேவலமா பேசுவேன், அவன் எங்க குடும்பத்தி ரொம்ப கேவலமா பேசுவான்! இத நாங்க ஒரு ஜாலியா எடுத்துப்போம் !",Troll/Oppose,Troll/Oppose Against Person
707,"Vijay ஜெயிச்சுடாருனு over ah ஆட்டம் போடாதீங்க...

என்னது Vijay ah.. chief minister Vijay sir nu சொல்லு டா...",Support/Praise,Support for person
708,"ஜி.கே.வாசனுக்கு கதவை மூடிய திமுக - அதிமுக

அந்த ""வாசனை"" நம்பி எல்லாரும் போராங்க..
என்னை நம்பி யாரும் வரலையே!!",Troll/Oppose,Troll/Oppose Against Party
709,"வைகை அணையின்‌ நீர்‌ ஆவியாகாமல்‌ pose

ரூ.10 இலட்சம்‌ செலவில்‌ தெர்மோகோல்‌
மூடிய அமைச்சர்‌ செல்லூர்‌ ராஜூ

அடுத்த 5-வது நிமிடத்தில்‌ அனைத்‌
தெர்மோகோலும்‌, கரை ஒதுங்கிய சோகம்
",Troll/Oppose,Troll/Oppose Against Person
710,"BREAKING NEWS
தமிழகத்தில் 'தேர்வு மையம்' இல்லை

நீட் தேர்வு: தமிழகத்தில் தேர்வு மையம் ஒதுக்கக்கூடாது உச்சநீதிமன்றம் மறுப்பு

நீட் தேர்வுக்கு தமிழகத்தில் மையம் ஒதுக்க வேண்டும் என்ற கோரிக்கையை நிராகரித்து உச்சநீதிமன்றம்

நீ ரசத்த ஊத்து ஆத்தா...
",Troll/Oppose,Troll/Oppose Against Person
711,"இரட்டை இலை சின்னத்தில் நிற்கலையன்னா
வாசன்      சரத்
இரத்தம் கக்கி சாவீங்க....
",Troll/Oppose,Troll/Oppose Against Person
712,"SUN NEWS
காவிரி நமதே!
UDAYA NEWS

""Kavery is Ours!""
Business as usual!",Troll/Oppose,Troll/Oppose Against Person
713,"நான் வீழ்வேன் என்று நினைத்தாயோ
2ND INNING'S BEGINSOM
NOT
FINISHED:
'VIJAY_FANS,_MEDIA,",Support/Praise,Support for person
714,"மக்கள்:
தொடர்ந்து அனைத்து நிர்வணங்களையும் மூடி வருவதால் இன்று முதல்

மோடி:
“மூடி” ஜி, என்று அன்போடு அழைக்கப்படுவார்",Troll/Oppose,Troll/Oppose Against Person
715,"தமிழ்நாட்டில் ஒவ்வொரு குடும்பத்தின் மீது ரூ. 2,63,976 கடன் சுமை உள்ளது; வெள்ளை அறிக்கையில் நிதியமைச்சர் பழனிவேல் தியாகராஜன் தகவல்

இன்று
கருணாநிதி சமாதிக்கு ₹39 கோடி ஒதுக்கீடு

கடன் சுமையுள்ள நாங்க கேட்டிகிறோம்... யாரை கேட்டு இந்த ஆளுக்கு மண்டபம் கட்டுறீங்க?",Troll/Oppose,Troll/Oppose Against Party
716,"நேற்று : கட்சியிலிருந்து விலகு கொள்கிறேன், சதி பற்றி பேச என்ன இருக்கிறது!!!

சசி-விக்னேஷ் நாஞ்சில் சம்பத் தொடர்பாக:

சசி மீது தொப்பி வைக்கிறார்கள்  
நாஞ்சில் சம்பத் ஒரு உத்தமன்  
அவர் சொன்னது உண்மை  
சம்பந்தம் இருந்திருந்தால்  
சஸ்பெண்ட் செய்ய மாட்டேன்  
மேலும் விசாரிக்கவேண்டாம்

*நாசா பேச்சு *நாசா செயல்
",Troll/Oppose,Troll/Oppose Against Person
717,Dmk  EPS Election results,Troll/Oppose,Troll/Oppose Against Person
718,"Ivaru thaa da Stalin uh..Namaku Vidiyal Thara 
Poraaru

 Avar Vandha Current ah thaana Cut
Pannuvaaru ...Vidiyal Epdi Tharuvaaru",Troll/Oppose,Troll/Oppose Against Person
719,"
திருமுருகன்
பெரியார், அம்பேத்கர் சிலைக்கு மாலை போட்டது தான் உனக்கு பிரச்சனைனா... திரும்பவும் மாலை போடுவேன்டா ஸ்டைலா.. கெத்தா..",Support/Praise,Support for person
720,"USSR Citizen: | Think-

Stalin:",Troll/Oppose,Troll/Oppose Against Person
721,"தலைவரே எங்க கிளம்பிட்டங்க.
தமிழ்நாடு காப்பாத்தியாச்சு இனி இந்தியாவை காப்பாத்த போறேன்

",Troll/Oppose,Troll/Oppose Against Person
722,"கொரோனா வயதானவர்களையே அதிகம்‌
தாக்கும்‌ என்பதால்‌ இளமையாக மாறி
கொரோனாவையே ஏமாற்றிய தளபதி",Troll/Oppose,Troll/Oppose Against Person
723,*ops  *eps,Troll/Oppose,Troll/Oppose Against Person
724,"BREAKING NEWS  
பணம் பட்டுவாத் தொடர்பாக வெளியான ஆவணங்களை போலியானவை; யார் வேண்டுமானாலும் இது போன்ற பட்டியலை வெளியிடலாம்!  
- டிடிவி.தினகரன்  
shabhaa...  
ipove kanna kattutthey...  
நாதாரியும் யாருமே
",Troll/Oppose,Troll/Oppose Against Person
725,"உதய்ண்ணா இந்த இடத்திற்கு வர
செய்த தியாகங்களையும்‌ பட்ட

கஷ்டங்களையும்‌ நினைக்கும்‌ போது...",Troll/Oppose,Troll/Oppose Against Person
726,"வண்டலூர்ல காணாம் போன ஒரிஜினல் சிங்கம் கூட இரண்டு நாள்ல திரும்ப வந்துருச்சி!
ஆனா மூச்சுக்கு முப்பது தடவை சிங்கம் சிங்கம்னு சொன்னவன், 11 நாள் ஆச்சு எங்க போனான்னு தெர்ல",Troll/Oppose,Troll/Oppose Against Person
727,"""ஜெ. சிறை தண்டனையை கண்ணுமுடித்துமாக ரத்து செய்தார் நீதிபதி குமாரசாமி – கர்நாடக உயர்நீதிமன்றம்""

""புடிங்க சார், புடிச்சு ஜெயில்ல போடுங்க சார்!""

",Troll/Oppose,Troll/Oppose Against Person
728,"*11 மருத்துவக் கல்லூரிகள்

*0 மருத்துவக் கல்லூரி",Troll/Oppose,Troll/Oppose Against Party
729,"வெற்றி - தோல்வி
எதுவானாலும் நாங்க உங்களோட நிற்போம் 
நாங்க உங்க பக்கம் தான் ",Support/Praise,Troll/Oppose Against Person
730,"முதல்வர் பூரண நலம்பெற பிரார்த்திக்கிறேன்!

மாண்டுபோக தமிழ்நாடு முதலமைச்சர்
திரு.மு.க.ஸ்டாலின் அவர்களுக்கு கொரோனா தொற்று
உறுதி செய்யப்பட்டுள்ள செய்தி அறிந்தேன். அவர்கள்
கொரோனா பாதிப்பிலிருந்து விரைந்து பூரண நலம்
பெற்று மக்களின் பணியைத் தொடர, எல்லாம் வல்ல
இறைவனை பிரார்த்திக்கிறேன்! - ஓ.பி.எஸ்!

ADMK & EPS  
Oh Kadha apdi pogutha...",Troll/Oppose,Troll/Oppose Against Person
731,"“அம்மா, மக்களைச் சந்திக்கவில்லை” என்கிறார்கள்.
மக்களுக்கு குரை இருந்தால்தானே சந்திப்பார்கள்?”

- நாஞ்சில் சம்பத்
",Support/Praise,Support for person
732,"தனியார்துறையிலும் இடஒதுக்கீட்டுக்கு சட்டம் இயற்ற வேண்டும்..!! - திருமாவளவன்

ஏன் ஒலிம்பிக்கில் கூட இட ஒதுக்கீடு கேளு
100 meter-ல் வெறும் 50 மீட்டர் ஒடினால்
தங்கம் கொடுக்கணும்னு...",Troll/Oppose,Troll/Oppose Against Person
733,"நான் எப்போ ADMK ல சேர்ந்தேனோ அப்பவே தெரியும் நான் உருப்பட மாட்டேனு

NANJIL - VAI.KO

AYYA I WANT TO COMA BACK YA... MDMK YA..",Troll/Oppose,Troll/Oppose Against Person
734,"Dai Machi News Pathiya

 Enna Nee MLA Aita Athaneyy

Seri Police Puducha Unakku Phone Panren Inimey",Troll/Oppose,Troll/Oppose Against Person
735,"பல வருடங்கள் கழிச்சு…
மக்களால் தேர்ந்தெடுக்கப்பட்ட
ஒரு தமிழன் இந்த தமிழ்நாட்டை
ஆளப்போறான்!",Support/Praise,Support for person
736,"#இனிகுலைக்காது,,,,!!!??? இனி மதுக்கடை,,, ஸ்டெர்லைட்,,,, இவங்ககை தமிழர் பிரச்சினை இனி இல்லை!!!

",Troll/Oppose,Troll/Oppose Against Person
737,"எக்காலத்திலும் நிகழவே நிகழாது என்றிருந்த
மாற்றத்திற்கான அரசியல் வெற்றியை நிகழ்த்திக்
காட்டிய தமிழ்நாட்டு மக்களாகிய என் சொந்தங்களுக்கு
என் வாழ்நாள் நன்றியைக் காணிக்கை ஆக்குகிறேன்.",Support/Praise,Support for person
738,"""உதயநிதி இந்தியாவிலேயே சிறந்த எம்‌எல்‌எ""
தயாநிதி மாறன் எம்பி பேச்சு

நீட் ரத்து ரகசியம் மாணவர்கள் கல்வி கடன் தள்ளுபடி'னு எமாத்துன பிராடுகோர யான்னு சொல்லு ஏற்றுக்கிறோம்...
நீங்க ஒருத்தனுக் கொடுத்தன் பாராடிக்கோங்கடா.... இப்போதே 5 வருடமும் ஓடிருங்கடா
",Troll/Oppose,Troll/Oppose Against Person
739,"அதளபாதாளத்தில்‌ மூழ்கியிருக்கும்‌ இந்திய பொருளாதாரத்தை
மீட்க அரேபிய கடலுக்கடியில்‌ பிரதமர்‌ மோடி யோசனை?",Troll/Oppose,Troll/Oppose Against Person
740,நான் விதை,Troll/Oppose,Troll/Oppose Against Person
741,"Translate பாஜக தேர்தலில்‌
20தொகுதியிலும்‌ வெற்றி பெறும்‌

பாஜக இந்த தேர்தலில்‌ 20 ஓட்டு
பெறும்‌",Troll/Oppose,Troll/Oppose Against Party
742,"பாஜக இல்லாமல் இன்றைக்கு தமிழ்நாட்டில்
அரசியல் முடிவுகள், நிகழ்வுகள் நடக்காது
பாஜக சட்டமன்ற உறுப்பினர் வானதி சீனிவாசன்

ஆமா, காமெடியும் இருக்காது",Troll/Oppose,Troll/Oppose Against Person
743,"காரைக்குடியில் ஹெச். ராஜா அலைக்கடலென மக்கள் வெளியத்தில் தேர்தல் பிரச்சாரம்...
மணவை

கூட்டம் நெரிசலில் சிக்க 50 பேர் பருகாயம்! ",Troll/Oppose,Troll/Oppose Against Person
744,"திசைதோறும் தீராவிடத் திட்டத்தை உருவாக்கிய
ஓரே தலைவர்",Support/Praise,Support for person
745,"அதிமுக கூட கூட்டணி வச்சுறலாம்னு ப்ளான்
பண்ணி திமுகவ மட்டும் திட்டுன பனையூர் 
WFH தளபதியின் பெயர் உடையவர்",Troll/Oppose,Troll/Oppose Against Person
746,"அன்று
""அரசியலில் இருந்து விலக முடிவு செய்துள்ளேன்""
- நாஞ்சில் சம்பத்
சசிகலாவின் அரசியல் முதல்கட்ட பேச்சு
இன்று
சசிகலவிற்கு அனைத்துத் திறமைகளும் உண்டு : நாஞ்சில் சம்பத்
வைகோ
யார் சாமி இது அப்பவே என்னை பாக்கற மாதிரியே இருக்கு",Troll/Oppose,Troll/Oppose Against Person
747,"இன்னும் 50 வருடம் ஆகலாம் நாமே முதல் அமைச்சர் ஆகுறதை பார்த்தேமாறா
எந்தேக்கமோ நம் கட் மெனிபெஸ்டவை பார்த்ததும் வருத்தமா",Troll/Oppose,Troll/Oppose Against Party
748,பாயாசம்‌ சாப்பிடுங்க டோலி,Troll/Oppose,Troll/Oppose Against Person
749,"இனி இழக்க எதுமில்லை தூத்துக்குடி, காவிரி மேலாண்மை",Troll/Oppose,Troll/Oppose Against Party
750,"""அடுத்த ஊழல்‌ பட்டியல்‌ விரைவில்‌ வெளியிடப்படும்‌""! 
பொதுமக்கள்‌ பேசும்‌ அளவுக்கு
ஊழல்‌ அதிகரித்து வருகிறது 
- தமிழக பாஜக தலைவர்‌ அண்ணாமலை பேட்டி

ரபேல்‌ விமான பேர ஊழல்‌... தனி
நீதிபதியை நியமித்து... நீதி
விசாரணைக்கு உத்தரவிட்டது
பிரான்ஸ்‌...!

பிரான்ஸ்‌ நாட்டில்‌ தனி நீதிமன்றம்‌ வச்சு
காரி துப்புற அளவுக்கு ஊழல்‌ பண்ணிட்டு
பேச்சப்‌ பாரு..",Troll/Oppose,Troll/Oppose Against Person
751,"காமராஜர்,அப்துல் கலாம் போன்று வர வேண்டும்‌
என சொல்லி வளர்க்கப்பட்டவன்‌ நான்‌
- ம.நீ.ம, தலைவர்‌ கமல்ஹாசன்‌

ஆனா வளர்ந்தது பிரேமானந்தா,
நித்தியானந்தா மாதிரி",Troll/Oppose,Troll/Oppose Against Person
752,"ஆந்திரா, கர்நாடகாவில் உள்ள தமிழர்கள்
சாதி பட்டியல் வெளியிட்டு சரி

தமிழ்நாடு இடஒதுக்கீட்டுக்காக ஆந்திரா, கர்நாடகா
மக்களின் சாதி பட்டியல் எப்படா வெளியிடுவே.",Troll/Oppose,Troll/Oppose Against Party
753,தளபதியின் கூட்டம்,Support/Praise,Support for person
754,"ஜெயலலிதாவின் தோழி சசிகலா சின்னம்மா ஆனார்...
மாஜி தோழியோ ""அம்மா""வானார்

இன்னும் எத்தனை அம்மாவை பார்க்கணுமோ
தமிழ்நாடு தாங்குமா? மக்களே!",Troll/Oppose,Troll/Oppose Against Person
755,"அங்கிள்
பிரச்சாரத்தை முடிச்சிட்டியா!
நேற்று அங்கிள்
அன்பில் மகேஷ்
நம்ம கோட்டையை முடிச்சிட்டாங்க மாமா!",Troll/Oppose,Troll/Oppose Against Person
756,"
how it started
how its going

Vika:en.com மாதம் இருமுறை 320 (கயிடு, புதுச்சேரி) 520 (மற்ற மாநிலங்களில்
பசுமை
251:10 மண்ணின் வளமே மக்கள் வளம்
ஐ.பி.எஸ் வேலை
வேண்டாம்;
தற்சார்பு
வாழ்க்கை
போதும்!
விகடன்
கரூர் கழனிக்கு வந்த ‘கர்நாடக சிங்கம்!
மிஸ்டர்
ஜனியர்
விகடன்
‘என்.டி.ஏ கூட்டணியில் தனக்கு முக்கியத்துவம் கொடுக்கப்படவில்லை' என்ற விரக்தியில், கூட்டணியிலிருந்து வெளியேறினார் ஓ.பி.எஸ். அவரைத் தொடர்ந்து தினகரனும் இப்போது வெளியேறிவிட்டார். முடிவெடுப்பதற்கு முன்னதாக, இந்தத் தகவலை அண்ணாமலையிடம் விவாதித்தாராம் தினகரன். இங்க இருக்கறவங்களுக்குத்தான் உங்க வெயிட்டு தெரியலை. கூட்டணியைவிட்டு வெளியேறி கெத்து காட்டினாத்தான், டெல்லியின் பார்வை உங்கமேல விழும். நீங்க முடிவெடுங்க... உங்க பின்னால நான் இருக்கேன்...' என்று தினகரனை ஏற்றிவிட்டு, கூட்டணியைக் கலைத்து விட்டிருக்கிறார் மலை.
06/09/2025
",Troll/Oppose,Troll/Oppose Against Person
757,"மாஸ்க்‌ அணிந்தால்‌
மட்டுமே ஓட்டு போட அனுமதி

மூஞ்சி பார்த்து ஓட்டு போடும்‌
போதே ஏகப்பட்ட கள்ள ஓட்டு
போடுவாங்க. ......

இதுல இது வேறயா...",Troll/Oppose,Troll/Oppose Against Party
758,வெற்றி நடை போடும் தமிழகம்,Troll/Oppose,Troll/Oppose Against Party
759,"""டெல்"" தேர்வு.. நாமக்கல்லில் 19,877 பேர் எழுதுகிறார்கள்! 
நமக்கு எல்லா எக்ஸாமும் 'டெல்' தான்!
",Troll/Oppose,Troll/Oppose Against Party
760,"MY DEAR விருச்சுவல் வாரியர்ஸ் -க்கு கோடான கோடி நன்றிகள்!
. NEW ERA STARTS NOW
நன்றி முதல்வர் அண்ணா!",Support/Praise,Support for person
761,"THAT SONAMUTHA MOMENT

அதிமுக கொள்கை பரப்புப் பணி செய்யும் செயலாளர் புயலில் சிக்கி நால்வில் ஒருவர் நந்தில் மரணம் நீக்கம்

sonamuthaa... dai...  
pochaa...",Troll/Oppose,Troll/Oppose Against Person
762,"
இனிமேல் உன் பேரு எக்செல் ஷீட் அண்ணாமலை இல்ல, பவர்பாயிண்ட் அண்ணாமலை.. பேர மாத்திக்கோ...
",Troll/Oppose,Troll/Oppose Against Person
763,"அதிமுக ஆட்சியில் தமிழகம் அமைதி பூங்காவாக திகழ்கிறது: சென்னையில்‌ ஜெ.

ஆமாமா... டிசம்பர்‌ மாசம்‌ போட்ல
“அமைதிப்‌ பூங்கா“வைச்‌ சுத்திப்‌ பார்த்தோமே.",Troll/Oppose,Troll/Oppose Against Person
764,"தெரியாது போடா...
ஹிந்திய கத்துக்காம,ஹிந்தி தெரியாது போடானு சொல்லுறதுல.என்ன சார் பெருமை
14 மொழியை கத்துகிட்டு அதுல தமிழ்தான் சிறந்ததுனு சொன்னாருங்க பாரதி, அதுதான் பெருமை",Troll/Oppose,Troll/Oppose Against Party
765,"Nanjil Sambath  
Sasikala  
சசிகலா சம்பத் சந்திப்பு  
",Troll/Oppose,Troll/Oppose Against Person
766,"#MK Stalin

ஆடடுக்குத் தாடியும், நாட்டுக்க ஆளுநரும் தேவையா? என்று அண்ணா எழுதிய கேள்வியை எண்ணிப் பார்க்கிறேன்.

#Governor
",Troll/Oppose,Troll/Oppose Against Person
767,"என்ன டபுள் டக்கர் நாராயணா...
செழிப்பா இருக்கக்கோல...

எல்லாம் R.K நகர்ல வீடு வாங்கின நேரம் ...

ம்ம் ம்ம்.. ஒரு தொகுதிக்கு 2 வருடத்துல 3 தேர்தல்.. அதும் ஆளுங்கடசியோட முக்கிய வேட்பாளர் போட்டின்னா யார்தான் செழிப்பா இருக்க மாட்டாங்களா..",Troll/Oppose,Troll/Oppose Against Person
768,"BREAKING NEWS
குழு அமைக்க ஆலோசனை

ஓ.பன்னீர்செல்வம்
அணியுடன் பேசவார்த்தை நடத்தும் புது அமைப்பது குறித்து முதலமைச்சர் வீட்டில் ஆலோசனை
– தினத்தந்தி செய்தி

விவசாய போராட்டத்துக்கு
ஒரு குழு அமைச்சர் முடிவு எடுக்க இந்நோ கொன்னalai
அடிசா காசு காப்பாத்த குழுவா முடியல டா",Troll/Oppose,Troll/Oppose Against Person
769,"நோ சுது, நோ சொர்ணை
எவ்வளவு தீட்டுநாலும் அறிவே வர்தாலாம்
",Troll/Oppose,Troll/Oppose Against Person
770,"கொஞ்சம்‌ வெயிட்‌ பண்ணிருந்தா

“கைலாசா” கங்களை பாதி காசுக்கே

இந்தியாவ வாங்கிருக்கலாம்‌.",Troll/Oppose,Troll/Oppose Against Person
771,"THANTHI TV  
enna padhavi lerndhu thookitaanga  
PUBLIC  
ipo enna kudiya muzhugi pochu??",Troll/Oppose,Troll/Oppose Against Person
772,"2021 சட்டமன்ற தேர்தலில் ஆர்.கே.நகரில் டிடிவி தினகரன் போட்டியிட்டால் 
நான் அரசியலில் இருந்தே விலகிக் கொள்கிறேன்!

அதெல்லாம் விடு. மையன் எப்பிடி இருக்கான்? 
தடூபூசி எல்லாம் போட்டாச்சா?
",Troll/Oppose,Troll/Oppose Against Person
773,"அனைவருக்கும் இலவச வாஷிங் மிஷின் வழங்கப்படும் - எப்.பி.எஸ்

நீங்க வீட்டுக்கே வந்து துணி துவைச்சி கொடுத்தாலும் எங்க ஓட்டு உங்களுக்கு இல்லை!

",Troll/Oppose,Troll/Oppose Against Person
774,"ஆட்சி பீடத்தில் தாமரையை வைக்காமல் டெல்லி மக்கள் விளக்குமாறை வைத்துள்ளனர்
– இல. கணேசன்
 மக்கள்
இதுல இருந்து என்ன தெரிகுது
இந்தியாவுல விளக்குமாறுக்கு இருக்குற மரியாதை கூட தாமரைக்கு இல்லennu நல்லாவே தெரியுது ஜி",Troll/Oppose,Troll/Oppose Against Person
775,"#EdappadiPalaniswami
தமிழக அரசியலில் கரும்புள்ளி எடப்பாடி.
#EPS #OPS",Troll/Oppose,Troll/Oppose Against Person
776,"Tamil students have least proficiency in mother tongue: Survey
தமிழகம்: அட இப்பவாவது வாயை திறங்கய்யா!

சின்னவர் - இந்தி தினிப்புக்கு எதிர்ப்பு!
சர்வாதிகாரி - தேசிய கல்வி கொள்கைக்கு எதிர்ப்பு!
அன்பிலார் - மும்மொழிக் கொள்கைக்கு எதிர்ப்பு!",Troll/Oppose,Troll/Oppose Against Person
777,"Engineers: 22
Lawyers: 18
Other graduates: 12
Post graduates: 13
PhD: 06",Support/Praise,Support for party
778,25 நிமிடத்துக்கு மேல மக்கள் கிட்ட பேச்சு கூடாது!! விஜய் வாகனத்தில் உக்காந்து கொண்டு வர வேண்டும்...கை அசைக்க கூடாது.. Road Show பண்ண கூடாது!! திருச்சி வரும் விஜய்க்கு வரவேற்பு அளிக்க கூடாது!! இதுவரைக்கும் வேற எந்த கட்சிக்கும் இப்படி நிபந்தனை போட்டு பார்த்ததில்லை!! விஜய்னு வந்துட்டா அல்லவா பயம் உங்கலுக்கு,Support/Praise,Support for person
779,"இந்தி பேச முடியாவிட்டால் நாட்டை விட்டு வெளியேறி வேறு எங்காவது செல்லுங்கள்
- உத்தரபிரதேச பாஜக அமைச்சர் சஞ்சய் நிஷாத்

Vachan Paaru Aaappu Enaku
",Troll/Oppose,Troll/Oppose Against Person
780,"ANNAMALAI VS MUNKALAPS LATEST TROLL
கேள்வி கேட்டு குத்து வாங்கிய BUN TV
தெறிக்க விட்ட அண்ணாமலை
",Support/Praise,Support for person
781,"

நீட்டின் காரணமாக நடைபெறும் மரணங்கள் தற்கொலைகள் அல்ல.

மத்திய மாநில அரசுகள் இணைந்து நடத்தும் கொலைகளே.
அன்று!
மாணவர் உயிரிழப்பை வைத்து எதிர்கட்சிகள் அரசியல் செய்வது அநாகரீகம் -நாடாளுமன்ற உறுப்பினர் கனிமொழி
#NEETexam #Students]
#Memberof ParliamentKanimozhi | #ADMK
இன்று!

அது வேற வாயி! இது நாற வாயி!",Troll/Oppose,Troll/Oppose Against Person
782,"ஓரணியில் தமிழ்நாடு
",Support/Praise,Support for party
783,"ANNAMALAI CHALLENGE TO DMK TROLL

ஒத்தைக்கு ஒத்த வாங்க ஸ்டாலின்
சவால் விட்ட அண்ணாமலை

பதற்றத்தில் அறிவாலயம்",Troll/Oppose,Troll/Oppose Against Person
784,Tamil Nadu Chief Ministers Classy in suits,Support/Praise,Support for person
785,"கட்டாயமக்கு, கட்டாயமக்கு, பள்ளிகளில் தமிழ் கட்டாயமக்கு?
தமிழ் கட்டாயமென்று எழுதி தெரியல கட்டாயமக்குன்னு எழுதி இருக்கீங்க...
முதல்ல உங்கிட்ட இருந்து தான்டா தமிழ் பாதுகாக்கணும்...
",Troll/Oppose,Troll/Oppose Against Person
786,"பரிசுத்த ஆவில இட்லி வேகுமா
786 அல்லாஹ்வின் ஃபோன் நம்பர் ஆ..

இந்த மதவெறி புடிச்ச சங்கி ஹெச்
ராஜாவுக்கு இதே வேலையா போச்சி

அட பாவி நீயா??",Troll/Oppose,Troll/Oppose Against Person
787,"நாஞ்சில்  
வைகோ
",Troll/Oppose,Troll/Oppose Against Person
788,"நீ ஒரு ' ஆன்டி ' இந்தியன்‌ - H,ராஜா
இது தான்‌ அந்த 'ஆன்டி' இந்தியன்‌",Troll/Oppose,Troll/Oppose Against Person
789,"125 Rupee Coin Released By Modi

Oru Vela Upcoming Petrol Price ah Irukumo",Troll/Oppose,Troll/Oppose Against Person
790,"""உன் தியாகம் பெரியது. உறுதி அதனினும் பெரியது""",Troll/Oppose,Troll/Oppose Against Person
791,"TVK
தமிழக வெற்றிக் கழகம்

இது முடிவு இல்லை..

இது தான்
ஆரம்பம்!

மக்களுக்காக நாங்கள்...
மக்களுக்காக நாள்கள்...

மக்களோட TVK!",Support/Praise,Support for party
792,"#மத்திய அரசு  
உங்களுக்கே என்ன பிரச்சனையாலும் அதை ஆளுநர்கிட்ட சொல்லுங்க..அதை தீர்த்து வைக்க தான் அவர் இருக்காரு...

#திமுக  
அந்த பிரச்சனையே ஆளுநர் தானே...


",Troll/Oppose,Troll/Oppose Against Person
793,"இப்போ உண்மையா பாக்கும் போது கண்ணு கலங்குது.
தமிழ்நாடு அரசு GOVERNMENT OF TAMIL NADU
முதலமைச்சர்",Support/Praise,Support for person
794,"அய்யர் பசங்கள மட்டும் பாஸ் போட்டடப்படிப் பழனிசாமி பதவி விலக வேண்டும்

Troll politicians

~ தலைவரே அது அய்யர் இல்ல அறிவர்

",Troll/Oppose,Troll/Oppose Against Person
795,"*மத்திய அரசு எண்டா ஒன்றிய அரசுனு சொல்ற

*செய்தி தொலைக்காட்சி
முதல்வர் (ஸ்டாலின்)
எண்டா ஒன்றிய அரசுனு சொல்ற",Troll/Oppose,Troll/Oppose Against Person
796,"எடப்படி மீது குஷ்பு பாய்ச்சல்
மாலை மலர்

*SUNDAR C",Troll/Oppose,Troll/Oppose Against Person
797,"ஜெயலலிதாவை அனைவரும் பார்த்தோம்
நான் உட்பட அனைத்து அமைச்சர்கள் மற்றும் மருத்துவமனையில் ஜெயலலிதாவை பார்த்தோம்
மன்னை தீப்பாக்கத்தில்
டேய் இப்ப தான் டா நீங்க இருக்க வேண்டிய இடத்துல இருந்து பேச்றீங்க",Troll/Oppose,Troll/Oppose Against Person
798,"5 வருடத்துல கருணாநிதியை பார்த்திருக்கீங்களா?
சட்ட சபையில் பார்த்திருக்கீங்களா ?

2 நிமிஷம் பேசணும்னா வெயிடிங்க்கு சம்மணிக்கு வெச்சுடுவாங்க.
இந்த வெல்லை வேட்டிக்காரங்க எல்லாம் 2 நிமிஷம் பேசமாட்டாங்க.",Troll/Oppose,Troll/Oppose Against Person
799,"என்னா ஆட்டம்‌ போட்டீங்கடா டேய்‌.
மினி பஸ்ல இலவ வறைவாங்களாம்..

மக்கள் vs அதிமுக

10 ரூபா தண்ணி பாட்டில்ல இலவ போடுவாங்களாம்..

பீச்ல ரெட்ட இலவ வசிச்சிட்டு... குதிரை நெக்கைன்னு சொல்லுவாங்களாம்..

எல்லாத்துக்கும் சேத்து இப்போ இலவே இல்லையன்னு ஆப்பு வச்சாங்களா..",Troll/Oppose,Troll/Oppose Against Person
800,"உங்கள் வீடு தேடி வரும் அரசு!
ஜூலை 15 முதல்
தமிழ்நாடு முழுவதும் 10,000 சிறப்பு முகாம்கள்
நகர்ப்புறங்களில் 13 துறைகள் 43 சேவைகள்
ஊரக பகுதிகளில் 15 துறைகள் 46 சேவைகள்
உங்களுடன் ஸ்டாலின்",Support/Praise,Support for person
801,"""பள்ளிகள் திறந்தார்..""
""மதுக்கடை திறந்தார்...""
""மகளிர் மதுபார் திறந்தார்..""",Troll/Oppose,Troll/Oppose Against Party
802,"தாமரை மலர்ந்துவிட்டது, இனி நாங்கள்தான்
வச்சு செஞ்ச பியூஸ்",Troll/Oppose,Troll/Oppose Against Person
803,"Anna missed this film put definitely
recreates this scene",Troll/Oppose,Troll/Oppose Against Party
804,"TVK  மாநாடு 
*கட்சி கொடி, பாடல்  
*தமிழ் வீரர்கள் பத்தாகை  
*மக்கள் கூட்டம்  
மக்கள்  

Vijayna:  
திராவிடமும் எங்களுக்கு ஒரு கண்ணுதான்!",Troll/Oppose,Troll/Oppose Against Person
805,"நீட் ரத்து  
கச்சத்தீவு மீட்பு  
CAA, UCC ரத்து  
சுங்கச்சாவடிகள் அகற்றம்  
கேஸ் - ₹500, பெட்ரோல் - ₹75, டீசல் - ₹65
",Troll/Oppose,Troll/Oppose Against Person
806,"நின்னார் பாரு
வந்து சண்டை செய்ய
எவனு இல்ல",Support/Praise,Support for person
807,"TVK officially crossed 1 crores+ votes

அண்ணனை பிடிச்சவன் கோடி பேர்
இருக்கான் டா வெளியில",Support/Praise,Support for party
808,"min patra kurayai poka
anaivarum minsarathai
semikka vendum
neenga sonna mari correct ah panitaen

JUST FOR LAUGH",Troll/Oppose,Troll/Oppose Against Person
809,"காவிரி மேலாண்மை வாரியம் அமைக்கா விட்டால் தற்கொலை செய்து கொள்வோம்  
அதிமுக எம்.பி. நவநீதகிருஷ்ணன் மாநிலங்களவையில் ஆவேச பேச்சு

ரெண்டுல எது நடந்தாலும் தமிழ் நாடுக்கு நல்லது தான்.. அதுனால எது பன்னாலும் சீக்கிரம் பண்ணுங்கயா.
",Troll/Oppose,Troll/Oppose Against Person
810,"பொய்கேசி
",Troll/Oppose,Troll/Oppose Against Person
811,"சிறுநாவூர் பங்காளாவிற்கு கண்டு யனர்களில் போன பணம்.. வைโก பரபரப்பு புகார்!

என்னங்க சொல்றீங்க.. நிஜம்மாமா?",Troll/Oppose,Troll/Oppose Against Person
812,"குடிநீரை சிக்கனமாக பயன்படுத்துங்கள்..
அமைச்சர் எஸ்.பி.வேலுமணி அட்வைஸ்!

சம்மா லைட்டா முகந்து மட்டும் பார்த்தா தாகம் அடங்கிடுமா?
",Troll/Oppose,Troll/Oppose Against Person
813,"சமூக விரோதிகள் யார் யார் என்பதை ரஜினிக்கு தெரியந்தத போல் எனக்கும் தெரியும்
- தமிழிசை சவந்தரராஜன் (பாஜக தமிழக தலைவி)

தமிழிசை

மக்கள்
யாருக்கா அது யாருனு சொன்னா நல்லாயிருக்கும்…
",Troll/Oppose,Troll/Oppose Against Person
814,"கஷ்டப்பட்டு கொள்ளை அடிச்ச காசுல இப்படி விளம்பரம்‌
பண்ணுறதுக்கே பாதி போயிடும்‌ காசு போல மவனே!

ஆட்சிக்கு வந்தா தான
   

விடு நைனா. அடுத்து ஆட்சிக்கு வந்ததும்‌.
ஆட்டை போட்டுலாம்‌.",Troll/Oppose,Troll/Oppose Against Person
815,"தூத்துக்குடி
மாநிலம் 6 தொகுதி

அ.தி.மு.க - 4
தி.மு.க - 2
ம.ந.மு.க - 0
அமமுக - 0
மற்றவை - 0

எடப்பாடி பழனிச்சாமி

விழுப்புரத்தில் சி.வி.கண்ணன் முன்னிலை
விழுப்புர தொகுதியில் அதிமுக வேட்பாளர் சி.வி.கண்ணன் முன்னிலை
*olu J
*me

Enna Enna soldran paruga... 
",Troll/Oppose,Troll/Oppose Against Person
816,"முதலமைச்சர், துணை முதலமைச்சர் இருவர் தொகுதியிலும் தவெக முன்னிலை பெறுகிறது..!",Support/Praise,Support for party
817,"எடப்பாடியின் கனவுக்கோட்டை  
உடைத்த விஜய்  
கதறி அழுத எடப்பாடி",Troll/Oppose,Troll/Oppose Against Person
818,"கடலில் ப்ராஃபிக் ஜாம். 
பேசாம அதிமுக விஞ்ஞானி செல்லூர் ராஜுவை அனுப்பி இருக்கலாம். ஜடியாக இல்லாத பசங்க
",Troll/Oppose,Troll/Oppose Against Person
819,NASA,Troll/Oppose,Troll/Oppose Against Person
820,"* பெட்ரோல்‌ விலை

லிட்டருக்கு[ப 9) உயர்வு
ஈ டீசல்‌ விலை
லிட்டருக்கு(ப 2 இ உயர்வு

அட நாசாம போன எடுப்பட்ட
பயலுகலா.. விடிஞ்சு விடியாதும்மா,

எங்களோட காச புடுங்க
ஏன்டா அலையுறீங்க..",Troll/Oppose,Troll/Oppose Against Party
821,"ஆண்டவரின்‌ வளர்ச்சி...
",Troll/Oppose,Troll/Oppose Against Person
822,நீதி வெல்லும்!,Support/Praise,Support for party
823,"தவெக 62 தொகுதிகளில் முன்னிலை பெற்று ஆண்ட கட்சிகள அடிச்சு உட்கார வெச்சுருக்காப்ல
த.வெ.க (TVK): 62

அ.தி.மு.க (AIADMK): 50

தி.மு.க (DMK): 38

நா.த.க (NTK): (Value not clearly visible/trailing)

Total Seats: 234 | Majority: 118",Support/Praise,Support for party
824,"ஜெயலலிதா நினைவிடத்தில் திருட்டு சம்பவம்
",Troll/Oppose,Troll/Oppose Against Person
825,"சினிமால எப்படி உன்ன பாத்து மொத்த
கோலிவுட் கதறுச்சோ
இப்போ நீங்க அரசியலுக்கு வந்ததுக்கு அப்பறம் மொத்த கட்சி காரனுங்களும் உன்ன பாத்து கதறிட்டு இருக்கானுங்க....
மாஸ் தலைவா நீ... இரு
/ TVKVIJAYOFFLI",Support/Praise,Support for person
826,"சென்றாலும்., இவரின் விஸ்வாசம் அம்மா ஒருவருக்கே...",Support/Praise,Support for person
827,"Ungalukelam engala paatha anil maari irukula
Tvk virtual warrior da naanga",Support/Praise,Support for party
828,"காங்கிரஸ் உடன் இனி ஒட்டும்
கிடையாது உறவும் கிடையாது.
கலைஞர்
திமுக- காங்கிரஸ் கூட்டணி வெற்றிக் கூட்டணி - கலைஞர்
அன்று இன்று
கசோ கட்டுமரலி
மக்கள்
இந்தாள நம்பி ஓட்டு போட்ட நம்ப நிலைமை அவ்வளவுதான்",Troll/Oppose,Troll/Oppose Against Person
829,"தடுக்க நெனச்சாலும் அது முடியாதுனு தோணுது..!
இனிமே தமிழ்நாட்ட விஜய் உயிரோட இருக்கும் வரைக்கும் யாராலயும் ஆள முடியாது..!!",Support/Praise,Support for person
830,"
தமிழகம் வரும் பிரதமருக்கு எதிர்க்கட்சிகள் கருப்புக் கொடி காட்டினால், அதிமுகவினர் பச்சைக் கொடி காட்டுவோம்
| - அமைச்சர் ராஜேந்திர பாலாஜி.
தந்தி
பிரதமருக்கு பச்சைக்கொடி - நாங்களும் காட்டுவோம்ல

""அருவால்""",Troll/Oppose,Troll/Oppose Against Person
831,"ஒரு சதுர அடி தெர்மாகோல் ஷீட் 12 ரூபாய் அப்படே பத்து லட்சத்திற்கு 83,333 சதுர அடி வாங்கலாம் வைக்க அனையோடு நீளம் 71 அடி

அதாவது 22 மீட்டர் அளவு அதே அளவு வச்சிக்கிட்டா 
கூட்ட மொத்தம் 5041 சதுர அடிதான் வரும்
5041 × 12 = 60492 போக்குவரத்து செல்வு எல்லாம் சேர்த்து மொத்தம் ஒரு லட்சம் வச்சிக்கிட்டாங்க

பாக்கி ஒன்பது லட்சம் எங்க

செல்லூர் ராஜா
",Troll/Oppose,Troll/Oppose Against Person
832,"
திருவனந்தபுரம்
விமானநிலையத்தை அதானிக்கு விற்கும் விலைக்கே கேரளா அரசு வாங்கிக்கொள்ளும்

மக்கள்

நாங்கள் வாங்க தயார் மத்திய அரசு விற்க தயாரா பினராயி விஜயன் கேள்வி",Troll/Oppose,Troll/Oppose Against Party
833,"தேர்தல்‌ ஆணையத்தை மடக்கிய
ஓபிஎஸ்‌ அணி வக்கீலின்‌ நச்‌ பாயிண்ட்‌
இதான்‌ நீ நச்சுன்னு புடிச்ச பாயிண்ட்டா?'",Troll/Oppose,Troll/Oppose Against Party
834,"2 நீதிபதிகள் விசாரணை!
மெய்க்காவலர் ரத்தக்காயம்!",Troll/Oppose,Troll/Oppose Against Party
835,"வீர மங்கை வேலு நாச்சியார்‌ படத்தை வரைந்தது
நான்தான்‌ ।
",Troll/Oppose,Troll/Oppose Against Person
836,"இவங்க எந்த நாட்டு உணர்வுள்ளவங்க சார்???

இவனுங்களுக்கு எந்த நாட்டு உணர்வும் இல்ல... காசு வாங்கிட சொல்லித் நாட்டுக்கே துரோகம் பன்ற சச்ச பக்ஷன்",Troll/Oppose,Troll/Oppose Against Party
837,"ஆதி தமிழனின் அறிவும்.....

அரவேற்காடுவின் அறிவும் சொல்லறதுக்கு ஒன்னும் இல்லைய
",Troll/Oppose,Troll/Oppose Against Person
838,"கேள்வி:~ ஸ்டாலின் ஆட்சியை ஏன்
பிடிக்கவில்லை?
பதில்:- ஸ்டாலின் ஆட்சியில் ரொம்ப உழைக்கணும்
ICO
Flagship Schemes being implemented by
Tamil Nadu Government led by
Thiru.M.K. STALIN
Hon'ble Chief Minister of Tamil Nadu
Kalaignar Mahalir
Urimai Thittam
Beneng
1 crore 15 lakh women
Rs. 1,000 per month
Chief Minister's Breakfast Scheme 31.000 Goverment Schools 17 lakh Children benefitted
Pudumaipenn
Thittam Rs. 1,000 per month to 2.72.216 college girls
Vidiyal Payanam
Women. Transgender Differently Abled 445 crore trips Monthly Saving-Rs. 888
00
Makkalai Thedi Maruthuvam 1 crore 70 lakh beneficiaries benefited
Satisfying services in real time 30,000 e-Seva Centres in Tv Two Years
Mudhalamaicharin Grama Salaikal Membattu Thittam
Improving 4,812 km roads at an estimated cost of Rs.1,501 crore
Naan Mudhalvan Scheme
S training to 28 lakh Engineering, Arts & Science Polytechnic and ITI Students
Glowing incredible Temples Consecration in 1,477 temples
in the last two years
Kalaignar All Village Integrated Agricultural Development Scheme
26.000 acre barren land converted into cultivable land 28 lakh farmers benefitted
Investors' First Port of Call Rs. 9.61 lakh crore new investments
30 lakh employment
Monthly Maintenance Allowance for Differently
Abled Persons increased from Rs. 1,500 to Rs. 2,000
Rs. 5,996.53 crore worth of 6,800.68 acre temple lands retrieved from encroachment
Tamil Pudhalvan Scheme
Rs. 1,000 per month to male
students studied in Goverment schools
and enrolled in colleges
Annal Ambedkar Thozhil Munnodikal Thittam Rs. 131.91 crore subsidy to 970 beneficiares
சொன்னதைச் செய்யும் நம் முதல்வர் !",Troll/Oppose,Troll/Oppose Against Person
839,"கொண்டிருக்கும் தீமக்களுக்கு…! 

முதலமைச்சரும் தவெக தலைவருமான
விஜய் அவர்களின் பதிலடி 

“கொள்கையே சாட்சி”

“நம்பிக்கை இல்லாததால் தான்
2 தொகுதிகளில் போட்டியிட்டதாக கூறியுள்ளனர்.
உதயநிதி, தவெகவின் வெற்றி மீது
பயம் என்பதால் கூறுகிறாரே…",Support/Praise,Support for person
840,"தப்பா பேசோம்,
தரக்குறைவா விமர்சிக்காம...

தவறான தகவல்
பரப்ப மாட்டோம்

தரக்குறைவான
விமர்சனம் செய்ய மாட்டோம்

தனிநபர் தாக்குதல்
நடத்த மாட்டோம்

உண்மை, மரியாதை
மற்றும் கண்ணியம் மட்டுமே
எங்கள் வழி

கண்ணியமான முறையில்
களமிறங்கப் போறதுதான் எங்க ஸ்டைல்.

நாங்க TVK விர்ச்சுவல் வாரியர்ஸ்!",Support/Praise,Support for party
841,"அதிமுக ஆட்சியில் தமிழகம் அமைதி பூங்காவாக திகழ்கிறது: சென்னைவில் ஜெ.

ஆமாமா... டிசம்பர் மாதம் போட்டா
""அமைதி பூங்கா"" வைச் சுத்திப் பார்த்தோமே...!",Troll/Oppose,Troll/Oppose Against Person
842,"சொன்னீங்களே, செஞ்சீங்களா... மக்களுக்காகவே நான்...
ஆறுமுகம், ஏழுமுகம்... திருமூப்த் திரும்ப!

ஏம்ப்பா என்னை ""மார்ஸ்""ல கொண்டு போய் டிராப் பண்ணிடறீயா...!

",Troll/Oppose,Troll/Oppose Against Person
843,"மாற்றுத்திறனாளிகளுக்கு மெரினா கடற்கரையில் சிறப்பு பாதைகள் அமைத்த
ஓரே தலைவர்",Support/Praise,Support for person
844,"You cant ask for job if
you don't pass the exam",Troll/Oppose,Troll/Oppose Against Person
845,"5ஜி அலைக்கற்றை ஏலத்தில் முறைகேடு - ஆ.ராசா புகார்

5ஜி அலைக்கற்றை ஏலத்தில் முறைகேடு;

|ரூ.5 லட்சம் கோடிக்கு சென்றிருக்க வேண்டிய 5ஜி ஏலம் ரூ.1.50 லட்சம் கோடிக்குதான் சென்றுள்ளது

எஞ்சிய பணம் எங்கே சென்றது என்று மத்திய அரசுதான் பதிலளிக்க வேண்டும் - திமுக எம்.பி. ஆ.ராசா
நீ 2Gலையே ஊழல் பண்ண உனக்கு 5G பத்தி தெரியாதா",Troll/Oppose,Troll/Oppose Against Person
846,"நமக்குள் இருக்கும் ஒற்றுமை பற்றி சொல்லுங்கள் ..  நமக்கு வாய்த்த இரண்டுமே ‘தத்தி’

",Troll/Oppose,Troll/Oppose Against Person
847,"ஏளனமா பேசுவானுங்க, ஆனா உண்மையான தொண்டர்கள் இப்பதான் மனமகிழ்ச்சியுடன் களத்தில் இறங்கி இருக்கிறார்கள்.",Support/Praise,Support for party
848,"
After increasing petrol price
above 90.

மத்திய பெட்ரோலியத்துறை அமைச்சர் விளக்கம்! ""பெட்ரோலியப் பொருட்கள் மீது வரிகள் விதிப்பதில் மிக கவனமாக செயல்படுகிறோம். கடந்த 300 நாட்களில் 60 முறை பெட்ரோல், டீசல் விலை உயர்ந்துள்ளன. பெட்ரோல் விலை 7 முறையும், டீசல் விலை 21 முறையும் குறைந்துள்ளன. சுமார் 250 நாட்கள் விலையில் எந்த மாற்றமும் இல்லை. இதுவரை இல்லாத அளவில் பெட்ரோல், டீசல் விலை அதிகரித்துள்ளதாக சொல்வது தவறு""

50 ku petrol போடுறவன்
பெட்ரோல் rate ஏறவே இல்லைனு சொன்னவன் MS
டேய், மச்சா அந்த சங்கி நாய் மாட்டிகிட்டான். நீ நம்ம பசங்கள
கூட்டிட்டு சீக்ரம் வந்து சேறு",Troll/Oppose,Troll/Oppose Against Person
849,"சாதித்த ஓரணியில் தமிழ்நாடு
இதுவரை 77 லட்சத்துக்கும் அதிகமான மக்கள், தமிழ்நாட்டின்
மண், மொழி, மானம் காக்க
‘ஓரணியில் தமிழ்நாடு’
முன்னெடுப்பில் இணைந்துள்ளனர்.",Support/Praise,Support for party
850,ragavan take charge...,Support/Praise,Support for person
851,"TVK வெற்றி...
ஒரு vote யாரா என்ன வேணா செய்யலாம்...",Support/Praise,Support for party
852,"மதுரையில் த.வெ.க. 2வது மாநாடு நாளை பூமி பூஜை
Tvk_Pondicherry
அய்யோ....இந்த தடவ என்ன பண்ண கத்திட்டு இருக்காங்களோ...",Troll/Oppose,Troll/Oppose Against Person
853,"சரஸ்வதி பூஜையின்‌ போது
புத்தகங்களை வைத்தால்‌
சரஸ்வதி படிப்பாளா ? என்று
அன்று கேட்ட திமுக

இன்று

வேட்பாளர்‌ பட்டியலையும்‌
தேர்தல்‌ அறிக்கை யையும்‌
கருணாநிதி சமாதியில்‌
வைக்கிறது.",Troll/Oppose,Troll/Oppose Against Party
854,கீழடி அருங்காட்சியகத்தை உருவாக்கிய ஒரே தலைவன்,Support/Praise,Support for person
855,"திமுக ஆட்சிைைய நம் தமிழர் கட்சிதான் வழிநடத்திச் செல்கிறது!
- சீமான் பெருமிதம்

Uruttukku oru uruvam irundhaal athu neethaan kattappa(seeman)!!!
",Troll/Oppose,Troll/Oppose Against Person
856,"118 கிடைக்குமா என்று பேசியவர்களுக்கு,

144 எடுத்து வென்றார் வெற்றி தலைவர்,
தமிழ்நாட்டின் நிரந்தர முதலவர்
அண்ணன் @TVKVijayHQ 🔥

BREAKING

அரசுக்கு ஆதரவு – 144
அரசுக்கு எதிர்ப்பு – 22
நடுநிலை – 5

வென்றார் விஜய்",Support/Praise,Support for person
857,"பரம்பரை அரசியல்வாதி சினிமாக்காரர்களுடன்
பரம்பரை சினிமாக்காரர் மக்களுடன்",Troll/Oppose,Troll/Oppose Against Person
858,"TVK 108 +Congress 5+CPI 2+CPM 2+VCK 2 +AMMK I=Total 120 ...!
உங்களுக்கு தேவ 118 தான இந்தாங்க 120 வச்சுக்கோங்க!",Support/Praise,Support for party
859,"ACTING HERO
TRUE
HERO
",Troll/Oppose,Troll/Oppose Against Party
860,"#JUSTIN
வீட்டு வாடகையே நண்பர்கள்தான் தருகிறார்கள்: அண்ணாமலை
வீட்டு வாடகை, ஊழியர்கள் சம்பளம், காருக்கு பெட்ரோல் எல்லாவற்றையும் நண்பர்கள்தான் தருகிறார்கள்
-தமிழக பாஜக தலைவர் அண்ணாமலை

டேய் இது நம்ம சீமான் அண்ணன் டைலாக்
ஆச்சேடா",Troll/Oppose,Troll/Oppose Against Person
861,"சொல்லுங்க... இப்ப உங்களுக்கு 2 வயசு... என்ன பண்ணிட்டு இருந்திங்க...
கட்ச நடத்திய போராட்டத்துல கைதாக சிறையில் புத்தகம் எழுத்திட்டு இருந்தேன்..",Troll/Oppose,Troll/Oppose Against Person
862,"அம்மாவுக்காக வெளியில் வெந்து மடிய தயார் - நாஞ்சில் சம்பத்...

அப்ப எவனும் மக்களுக்காக எதும பண்ணமாட்டீங்கா.?
",Troll/Oppose,Troll/Oppose Against Person
863,"

""மாபெரும் வரலாற்று பிழையை மத்திய அரசு செய்துள்ளது""

சிஏஏ-வை அமல்படுத்தி மாபெரும் வரலாற்று பிழையை மத்திய அரசு செய்துள்ளது

சிஏஏ-வை இஸ்லாமியர்கள், ஈழத்தமிழர்களுக்கு எதிராக அமல்படுத்த நினைத்தால் அதை அனுமதிக்க முடியாது; மக்களை பிளவுபடுத்தும் வகையில் மேற்கொள்ளப்பட்ட நடவடிக்கையை அதிமுக வன்மையாக கண்டிக்கிறது - அதிமுக பொதுச்செயலாளார் இபிஎஸ்


*ADMK

It may be recalled that when the Bill was tabled before the Upper House by Union Home Minister Amit Shah, it was passed with 125 votes in favour and 105 against. The legislation was supported by AIADMK that had 11 MPs in the Rajya Sabha then.",Troll/Oppose,Troll/Oppose Against Party
864,"ஒவ்வொரு நாளும்‌
கலைஞர்‌ என்னுடைய
கனவில்‌ வருகிறார்‌”

வைகோ 
   
ஸ்டாலின்

என்‌ கனவுல வந்ததுமட்டும்‌ இல்லாம எனக்கு
அபீபறம்‌ நம்ம கட்சிக்கு நீ தான்‌ அரசியல்‌
வாரிசுன்னு வேற ௦சொன்னாருங்க..!!!!",Troll/Oppose,Troll/Oppose Against Person
865,"@acotvijay
Thalapathy Vijay will adopt the families of the 41 people who lost their lives in the Karur Stampede! He will take complete responsibility for their welfare & needs throughout their lives",Support/Praise,Support for person
866,"என்ன ராமலிங்கம்‌ ஆளையே பார்க்க
முடியல, எப்படி இருக்க",Troll/Oppose,Troll/Oppose Against Person
867,"ஜெயலலிதாவின்‌ தோழி சசிகலா சின்னம்மா ஆனார்‌...
மாஜி தோழியோ ”அம்மா”வானார்‌

 

இன்னும் எத்தனை அம்மாவைக் பார்க்கணுமோ...
தமிழ்நாடு தாங்குமா மக்களே...?",Troll/Oppose,Troll/Oppose Against Person
868,"வீட்டுக்கு ஒரு ஆளுக்கு அரசு வேலை
எப்புடிய்யா சாத்தியம்‌...??

ஏங்க நான்‌ 100 நாள்‌ வேலையதான்‌
அரசு வேலைனு சொன்னேன்‌...",Troll/Oppose,Troll/Oppose Against Person
869,"இருந்தவர் யாராக இருந்தாலும் கவலை கொள்ளாதே அவை உன் நல்பணாக்கி கதை அவிழ்த்து விடு – சீமார்க்ஸ் கிபி 500
",Troll/Oppose,Troll/Oppose Against Person
870,*stalin  muthuvel karunanithi stalin ennum nan....  *Dmk'ans,Troll/Oppose,Troll/Oppose Against Person
871,"Thalapathy Vijay: TVK will provide basic needs such as Education, Electricity, and Healthcare.
There will be no compromise on Women's Safety either.
We will only say what is practical.",Troll/Oppose,Troll/Oppose Against Person
872,"நம்ம முதலமைச்சர்
கலைஞர் விளையாட்டு உபகரணங்கள் (Kalaignar Sports Kit) திட்டத்தை தொடங்கியவர்
நம்ம முதலமைச்சர்
முத்துவேல் கருணாநிதி ஸ்டாலின்",Support/Praise,Support for person
873,"2025 Real Re-creation
2014 Movie Re-creation",Support/Praise,Support for person
874,அரசனுக்கே இந்த அரியசானம்...,Support/Praise,Support for person
875,"வென்றால் மகிழ்ச்சி, தோற்றால் பயிற்சி - சீமான்
தம்பிகள்:
எப்போதாவது பயிற்சியா பார்வையில
எப்போதும் பயிற்சியா என்னனீ?",Troll/Oppose,Troll/Oppose Against Person
876,"அமெரிக்காவில்  
16 ஆயிரம் கோரொனா பலிகர் பதிவாகவில்லை  
ஆய்வில் அம்மமம்  

நியூயார்க், செப்.12-  
உலகளவில் கோரொனா வைரஸ் தொற்றால் மிகுமாப பாதிக்கபட்ட நாடாக அமெ ரிக்கா உள்ளது. அங்கு இதுவரை கோரொனா தொற்றால் 6 லட்சத்து 59 ஆயிரத்துக்கும் மேற்பட்ட பலியர்கள் உளர்.
வாத்தியாரே மாட்டிக்கபோறீங்க  ",Troll/Oppose,Troll/Oppose Against Person
877,"நாளைக்கு அண்ணா மைக் பிடிப்பார் 
மத்த கட்சிகள் அடுத்து எழு நாள் தூங்க முடியாது",Troll/Oppose,Troll/Oppose Against Party
878,"ஹலோ சி.ஆர்‌ சரஸ்வதி மேடமா?
நேர்படபேசு நிகழ்ச்சிக்கு பேச வர்றிங்களா?

 

ஏன்‌ சம்பத்தை காலி பண்ணது பத்தாதா?",Troll/Oppose,Troll/Oppose Against Person
879,"""செந்தில் பாலாஜி மீண்டும் அமைச்சராக முடியாது""
மதியழகன் செய்தியாளர்
போக்குவரத்து துறையில் வேலை வாங்கித்
தருவதாகக் கூறி பணம் பெற்றதாக கூறப்படும் வழக்கு
செந்தில் பாலாஜி மீண்டும் அமைச்சராக முடியாது"" - உச்சநீதிமன்றம்
கடவுள் இருக்கார்டா 10ரூபா.
@THALAPATHYFAIJUL",Troll/Oppose,Troll/Oppose Against Person
880,"Fascism PRESENTS
MUSICAL
திரள்நிதி
",Troll/Oppose,Troll/Oppose Against Person
881,"

அமைச்சர் பதவி போனாலும் பரவாயில்லை என்றுதான் உண்ணாவிரதப் போராட்டத்தில் கலந்து கொண்டேன் - அமைச்சர் உதயநிதி

",Troll/Oppose,Troll/Oppose Against Person
882,"இவ்வளவு அசம்பாவிதம் நடந்தும், குடும்பத்தில் அம்மா, குழந்தை, மனைவி, கணவன் என்று திரும்ப பெற இயலாத இழப்பை சந்தித்தும் பாதிக்கப்பட்ட மக்களுக்கு ஒரு துளி கூட தலைவர் மேல கோபம் இல்லை!!@
அவங்களே சொல்றாங்க பாவம் அவர் என்ன செய்வாருனு...இது கடந்த பத்து நாட்களாக கொத்தடிமைகள் செலவு செய்த பணத்தையும் பரப்பிய அவதூறையும் சுக்கு நூறாக்கிவிட்டது!!700
""மக்கள் உங்கள ரொம்ப நம்புறாங்க அண்ணா!!இந்த மக்களுக்காக நீங்க எந்த EXTREME-க்கும் போகலாம்""",Support/Praise,Support for person
883,"""மதமாற்ற திருமணம் - 10 ஆண்டு சிறை""
மதமாற்ற திருமணம் செய்வவர்களுக்கு 10 ஆண்டு சிறை, ₹1 லட்சம் அபராதம் விதிக்கப்படும்

vadakans
ஓ! அப்படியா I VOTE FOR U BJP
",Troll/Oppose,Troll/Oppose Against Person
884,ADMK vs DMK ELECTION TROLL,Troll/Oppose,Troll/Oppose Against Party
885,"நீங்க எவ்வளவோ
பொய் வேணாலும் பரப்பலாம்...

ஆனா எங்களோட
‘VIRTUAL WARRIORS’
ஆதாரத்தோட உண்மையைச் சொல்லி
உங்க வாதத்தை முறியடிப்பாங்க!

உண்மை • ஆதாரம் • நீதிமை",Support/Praise,Support for party
886,"22 ஆண்டுகளாக சிறைவாசம்‌ அனுபவிக்கும்‌
7 பேரை விடுதலை செய்ய வேண்டும்‌",Troll/Oppose,Troll/Oppose Against Person
887,Stalin      EPS   Kamal    Seeman    Dhinakaran,Troll/Oppose,Troll/Oppose Against Person
888,"வென்றால்‌ மகிழ்ச்சி...
தோற்றால்‌ பயிற்சி...
- சீமார்க்ஸ்‌",Troll/Oppose,Troll/Oppose Against Person
889,"115 எம்எல்ஏர்களாக உயர்ந்துள்ளனர்.

தவெக ஆட்சியமைக்க நிபந்தனையற்ற ஆதரவு வழங்கியது
இந்திய கம்யூனிஸ்ட் கட்சி..!",Support/Praise,Support for party
890,"அண்ணையர் தினம் அன்று முதலமைச்சராக பதவி ஏற்கிறார்..

பெற்ற தாய்க்கு இதை விட பெரிய சந்தோஷம் வேற என்ன இருக்கு...",Support/Praise,Support for person
891,"அரசியல் மாற்றங்கள்
அவ்வப்போது நிகழ்ந்துகொண்டு தான் இருக்கும்,
இதில் பெருமைப்பட ஒன்றுமில்லை.

பெருமை என்னவென்றால்,
திரையில் வரவேண்டிய படம்
தடைப்பட்டால்
அதே படத்தை திரையில்
ஓட்டிக்காட்டியது தான்.

அவர்கள் பெருமைப்படவேண்டிய வெற்றி
– TVK –",Support/Praise,Support for party
892,"எதிர்க்கட்சிகளை கண்டு டெங்கு பயந்து
ஓடியே போச்சு.. செல்லூர்‌ ராஜூ அதகளம்‌!

நீங்கள்‌ மங்குனி அமைச்சர்‌
என்பதை அடிக்கடி நிரூபிக்கிறீர்‌",Troll/Oppose,Troll/Oppose Against Person
893,"ரஜினி நடித்து சம்பாதித்து,
விட்டு செல்லட்டும்‌;
நாட்டை ஆள எனக்‌கே
உரிமை உள்ளது    சீமான் ",Troll/Oppose,Troll/Oppose Against Person
894,"₹1000 CRORE SCAM

TASMAC
",Troll/Oppose,Troll/Oppose Against Person
895,"சேலம் 8 வழிச்சாலையால் வாகனத்தின் தேய்மானம் குறைகிறது - சட்டசபையில் முதலமைச்சர் விளக்கம்

அப்ப கடைசிவரை உங்க கவனம் டயருல தான் இருக்கு.
",Troll/Oppose,Troll/Oppose Against Person
896,"ஓ.பன்னீர்செல்வம்‌, நத்தம்‌ விஸ்வநாதன்‌,
பழனியப்பன்‌ ஆகியோர்‌ எந்த நிகழ்ச்சியிலும்‌
பங்கேற்க கூடாது, அனுமதி இல்லாமல்‌
சென்னையை விட்டூ செல்லக்கூடாது என்று
அதிமுக தலைமை உத்தரவு.
",Troll/Oppose,Troll/Oppose Against Party
897,"ஜெயிச்சிட்டோம், இனி என்ன வேணா
பண்ணலாம்னு யாராச்சும் நினைச்சா, அதை
இப்பவே Erase (Erase) பண்ணிடுங்க.”",Support/Praise,Support for party
898,"DMK PONGAL PARISU TROLL  
விடியலாவது ***வது  
குழவி உளற்றும் மக்கள்  
கதிர் ஓடும் உடன்பிறப்புகள்",Troll/Oppose,Troll/Oppose Against Party
899,Then Now,Troll/Oppose,Troll/Oppose Against Person
900,"More than 30+ people death by
consuming kalla Sarayam..
Wake to Tamilnadu  kallakurichi",Troll/Oppose,Troll/Oppose Against Person
901,"~ நீட் எப்படி ரத்து செய்வீங்க?
~ ரத்து செய்ய வலியுறுத்தப்படும்.

~ பெட்ரோல், டீசல், கேஸ், விலைவாசி எப்படி குறைப்பீங்க?
~ குறைக்க முயற்சி எடுக்கப்படும்.

~ டாஸ்மாக் கடை எப்படி மூடுவீங்க?
~ மூட நடவடிக்கை எடுக்கப்படும்.

~ கட்சத்தீவ எப்பட மீட்பீங்க?
~ மீட்க அழுத்தம் கொடுக்கப்படும்.
",Troll/Oppose,Troll/Oppose Against Party
902,"MDMK என்ற கட்சி தொடங்கினார் திரு வைகோ அவர்கள்
ஜெ.ல எதுத்துட்டா மிதிமூச்சு வரும்... எனக்கு மட்டும் ஏன் இவ்வளவாகம் தோணுது வண்டலா..?",Troll/Oppose,Troll/Oppose Against Person
903,FRAME SPEAK,Support/Praise,Support for person
904,"107+5+2+2 = 116 *
: 116 Peru kedachachu..
Innum 2 per kedachitta Ruling Party ready..
Sunday onwards Government start..",Support/Praise,Support for party
905,"குடும்பத்‌ தலைவிகளுக்கு
மாதந்தோறும்‌ ரூ.1,500 வழங்கப்படூம்‌
-முதல்வர்‌ பழனிசாமி வாக்குறுதி!

குடும்பத்‌ தலைவிகளுக்கு ரூ.1000 வழங்கப்படும்‌
 என மு.க. ஸ்டாலின் நேற்று  அறிவித்து இருந்தார்
 
நாம பொண்டாட்டி உஷார்‌
பண்ணி இனிமே வேலைக்கு
போகாமல்‌ வீட்டிலேயே இருக்க
வேண்டியதுதான்‌",Troll/Oppose,Troll/Oppose Against Party
906,"தேசிய கொடியை தலைக்கீழாக ஏற்றிய பாஜக
மனிதன் பாதி மாடு பாதி = சங்கீ
",Troll/Oppose,Troll/Oppose Against Person
907,"
Ennada flag idhu. Fevicol logo maathiri.

அறிமுகம்,
FEVICOL
",Troll/Oppose,Troll/Oppose Against Party
908,"படத்துக்கு
போராடியவர்..!
இன்று முதல் சிறப்பு காட்சி
அனுமதி தர அளவிற்கு உயர்ந்து விட்டார் நம் முதல்வர்..!!",Support/Praise,Support for person
909,"Thalapathi vijay as a CM ~

AK : Sir இந்த state CM என்னோட Friend தான் sir...",Support/Praise,Support for person
910,"என் சாகுக்கு பிரதமர் மோதே காரணம்
மழை வழி மக்களுக்கு தண்ணீர் வழங்கா தமிழக அரசு - விவசாயி

மக்கள்           மோடி
ஒரு தன்னீர் பாட்டிலின் விலையை விட ஒரு ஜீவ டீட்டாவின் விலையே குறைவு என்று பிறப்பட்ட கடைசூ ஒரு விவசாயக் குடும்பம்
முடியவில்லை எனக் கூறும் சொற்களே(மோடி)
",Troll/Oppose,Troll/Oppose Against Person
911,"மோடி அரசின் சதி அம்பலம்!
ஒன்றிய அரசு, மாநில சிறுபான்மையினர் நலத்துறைக்கு, 2018-19 முதல் 2021-22 வரை,
ஆண்டொன்றுக்கு வழங்க ரூ.3 ஆயிரம் மட்டுமே
நீதி ஒதுக்கப்பட்டுள்ளது RTI மூலம் தெரியவந்துள்ளது!
கடந்த 2016-17, 2017-18 ஆண்டுகளுக்கு தேசிய நீதியாண்டுகளில்
தமிழ்நாடு சிறுபான்மையினர் நலத்துறைக்கு
ஒரு வைசா நீதிக் கூட ஒதுக்கீடு செய்யவில்லை.
எங்களை வாழ விடணும்!
",Troll/Oppose,Troll/Oppose Against Person
912,"நீர்மலா சீதாராமன்‌ பெருமிதம்‌'

“பிரதமர்‌ மோடி மீது

.] இதுவரை ஒரு ஊழல்‌
குற்றசாட்டு கூட எழவில்லை”

- நிர்மலா சீதாராமன்‌  வணக்கம்  
இதுடன் காமெடி செய்திகள் முடிந்தது
",Troll/Oppose,Troll/Oppose Against Person
913,"போர் நிறுத்தம் - ஆர்ப்பாட்டம்

ரஷ்யா - உக்ரைன் போர் நிறுத்தத்தை வலியுறுத்தி
முத்தரசன் தலைமையில் இந்தியக் கம்யூனிஸ்ட்
சார்பில் ஆர்ப்பாட்டம்; வரும் 7 ஆம் தேதி சென்னை
ஆட்சியர் அலுவலகம் அருகே நடைபெறுகிறது

Russia – Ukraine la nadakura w*r ah stop panna Chennai la arpaatam panna oru varuvan sir",Troll/Oppose,Troll/Oppose Against Person
914,"மகாராஷ்டிராவில் கோவில்களை உடனடியாக திறக்கவில்லை எனில் உண்ணாவிரத போராட்டம் நடத்துவேன் - அண்ணா ஹசாரே

மோடி பெட்ரோல் ₹110, டீசல் விலை ₹100, கேஸ் ₹860 றூ வுக்கு உயர்த்தி வச்சிருக்காரு, நாய் எதுக்காக போராட போறேனுனு சொல்றது பரு",Troll/Oppose,Troll/Oppose Against Person
915,"தேர்தல் நெருங்கும்போது எனது முடிவை அறிவிப்பேன்
- மு.க. அழகிரி
கூட்டணியும்‌ பிரச்சனையா இருக்கும்‌...
குடும்பமும்‌ பிரச்சனையா இருக்கே!!!",Troll/Oppose,Troll/Oppose Against Person
916,"குடும்பத்‌ தலைவிகளுக்கு
மாதந்தோறும்‌ ரூ.1,500 வழங்கப்படும்‌
-முதல்வர்‌ பழனிசாமி வாக்குறுதி!

குடும்பத்‌ தலைவிகளுக்கு ரூ.1000 வழங்கப்படும்‌

 
டெய்ய் எல்லை மீறி போறீங்க டா!
ஆம்பளகளும்‌ இருக்கோம்‌ கொஞ்சம்‌
எங்களையும்‌ பாத்துக்கங்க ॥!",Troll/Oppose,Troll/Oppose Against Person
917,"தமிழர் உரிமை
மீட்போம்
தமிழ்நாடு
காப்போம்
யார் அந்த உரிமைகளை அடகு வச்சா .???

வேற யாரு... நாங்க தான்..",Troll/Oppose,Troll/Oppose Against Person
918,Tamilnadu eh en pinnadi dha iruku *,Support/Praise,Support for person
919,"thanthitv:
""#BreakingNews தமிழக விவசாயிகளை கைது செய்து டெல்லி போலீசார் நடவடிக்கை...""
""#DelhiFarmersProtest #TNFarmers""

BJP AROKIAMOHANRAJ:
""@thanthitv உள்ள போட்டு மிதிங்க ஆசிரன். விடட்டா இந்தியாவையே எழுதி கேப்பவுணு தள்ளுபடிக்கு பிறந்தவுணு""

டேய்எச்ச ஆரோக்ய மோகன்ராஜ் ஒரு நாள் எங்க கை சிக்குன உன் ஆரோக்யமும் மட்டும் இல்ல உன் மூச்சும் இருக்காதா.
மரியாதையா மன்னிப்பு கேளு விவசாயிகளிடம்",Troll/Oppose,Troll/Oppose Against Person
920,"அதான் தெரிசு போச்சு தமிழ்நாட்டுலே தான் மலராது  
அதுக்கப்புறம் ஓடுது

#2024ல்_நாங்கதான்_நாங்க_மட்டும்_தான்_ADMK

அரிமுகத்தின் கூட்டணி வைத்தால் என்பது  
தலைவர் பதவியை ராஜினாமா செய்வேன்...!!!

மாமா இவன் அதிமுகக்காரன்கிட்ட  
செம்மையா வாங்கி இருக்கான் போல...

பாஜக நிர்வாகிகள்
",Troll/Oppose,Troll/Oppose Against Person
921,"ஜெயலலிதா பிறந்தநாளில்‌ தீபம்‌ ஏற்றுங்கள்‌! - அதிமுக

அதிமுகவை காப்பாற்றுவேன்‌ என பிப்‌.24

அன்று மாலை 6 மணிக்கு தீபம்‌ ஏற்றி
உறுதியேற்க வேண்டும்‌
மறைந்த முதல்வர்‌ ஜெயலலிதாவின்‌ பிறந்தநாளையொட்டி
ஓபிஎஸ்‌-ஈபிஎஸ்‌ அதிமுகவினருக்கு கடிதம்‌",Troll/Oppose,Troll/Oppose Against Person
922,"1கிலோ மிக்சர கொண்டாய்ந்து
தட்னாய்ங்க பாரு...தின்னே வாயி
வலிக்குது டா..",Troll/Oppose,Troll/Oppose Against Person
923,Nee Jeikiriyo Thokuriyo Ana Una Paathu Oru Kootamey Bayaputhu Natum Therithu (Aurapathy),Support/Praise,Support for person
924,"டாஸ்மாக் ஊழல் - அமைச்சர் செந்தில் பாலாஜி பதுங்குவது ஏன்?

உச்சநீதிமன்றத்திலும், உயர்நீதிமன்றத்திலும்
அசிங்கப்பட்ட திமுக அரசு

Flood crore corruption
Tasmac",Troll/Oppose,Troll/Oppose Against Person
925,"டாஸ்மாக்‌ கடைகளால்‌
எத்தனை உயிர்‌ பலியாகுமோ
என்ற அச்சம்‌ ஏற்பட்டுள்ளது

""நெல்லையில்‌ தந்தையின்‌
குடிப்பழக்கத்தை நிறுத்த முடியாத
விரக்தியில்‌ தினேஷ்‌ தற்கொலை
செய்து கொண்டது வேதனை
தருகிறது - மு.க.ஸ்டாலின்‌


அசிங்கமா ஏதாவது சொல்லிட போறேன்‌
மூடிட்டு போயிடு
இவனுங்களே சாராய ஆலை
நடத்துவானுங்களாம்‌
இவனுங்களே வருத்தம்‌
தெரிவிப்பானுங்களாம்‌
இவனுங்களையும்‌ நம்பி
ஓட்டு போடுறீங்க பாருங்க
உங்கள தூக்கனும்‌ டா
மொதல்ல",Troll/Oppose,Troll/Oppose Against Person
926,"தேர்தல் தோல்விக்கு  
ஐ.பி.எஸ் எடுத்த முடிவுதான் காரணம்  
- ஓ.பி.எஸ்

அண்ணே, சீமான்ன அண்ணே பெரியபாவுக்கும்  
சித்தப்பாவுக்கும் இடையில புதிய பஞ்சாயத்தாம்.  
எப்பண்ணே கிளம்புறீங்க பஞ்சாயத்து பேச....",Troll/Oppose,Troll/Oppose Against Person
927,"""குடும்பத்திற்கு 6 சில்லிண்டரும் மாதம் ரூ.1500 இலவசம் - ஏ.பி.எஸ்""

""இங்க பாரு... ஆறு சில்லிண்டர் உனக்கு... ₹1500 எனக்கு...!""",Troll/Oppose,Troll/Oppose Against Person
928,"சக்திமான் காப்பாற்றுவார்னு மரத்துல இருந்து குதிக்கறதும்....

ஸ்டாலின் காப்பாற்றுவார்னு திமுகவுக்கு ஓட்டு போடறதும் ஒன்றுதான்
",Troll/Oppose,Troll/Oppose Against Person
929,"சிஸ்டம்
மாற்றம்!

TVK
தமிழக வெற்றிக் கழகம்

ஊழல் இல்லை!
ஊழற்ற நிர்வாகம்

பாரபட்சம் இல்லை!
எல்லோருக்கும் சம உரிமை

வாக்குறுதி மட்டும் இல்லை!
செயலில் காட்டும் தலைவர்

மக்கள் தான் சக்தி!
மாற்றம் மக்களால்!
வெற்றி நிச்சயம்!

ஊழலற்ற நிர்வாகம், வெளிப்படையான அரசியல் –
சொன்னதைச் செய்த தலைவர்!

மக்களுக்காக மக்கள் ஆட்சி
மாற்றத்திற்கான உறுதியான பயணம்
தமிழகத்தின் எதிர்காலம் நம் கைகளில்

TVK
வெற்றி நிச்சயம்!",Support/Praise,Support for party
930,"திருச்சி சூரியாவும் நம் கட்சி காரங்களும் பெண்களை ஆபாசமா பேசறாங்க நடவடிக்கை எடுங்க ஜி..
காயத்ரி ரகுராம்
அண்ணாமலை
அப்படி பாத்தா மொத்த கட்சிகாரங்க மேலையும் நடவடிக்கை எடுக்கனும்.. அதனால நீ கட்சியை விட்டு போயிறு!",Troll/Oppose,Troll/Oppose Against Person
931,"நான் அப்படியே ஷாக்காயிட்டேன்!
ANBUMANI PMK TROLL
PMK YOUTH
",Troll/Oppose,Troll/Oppose Against Person
932,"

ஒவ்வொரு நாளும் கலைஞர் என்னுடைய கனவில் வருகிறார்""
*வைகோ

*ஸ்டாலின்

என் கனவுல வந்ததுமட்டும் இல்லாம எனக்கு அப்பறம் நம்ப கட்சிக்கு நீ தான் அரசியல் வாரிசுன்னு வேற சொன்னாருங்க..!!!!",Troll/Oppose,Troll/Oppose Against Person
933,"""உயர்த்தப்படும்""
முன்னாள் சட்டமன்ற உறுப்பினர்களுக்கான மாத ஓய்வூதியம் ரூ.30,000-இல் இருந்து ரூ.35,000ஆக உயர்த்தப்படும் - முதலமைச்சர் அறிவிப்பு
குடும்ப ஓய்வூதியம் ரூ.15,000-இல் இருந்து ரூ.17,500 ஆகும் மருத்துவ ஓய்வூதியம் ரூ.75,000-இல் இருந்து ரூ.1,00,000 ஆக உயர்வு

Text at bottom:

என்ன.. எதிர்காலம் கருதி எடுத்து முடிவு போல",Troll/Oppose,Troll/Oppose Against Person
934,"""THALAPATHY VIJAY TO CONTEST IN 2026 ELECTIONS IN PARAMATHI VELUR, NAMAKKAL DISTRICT""
""பரமதி வேலூர்",Support/Praise,Support for person
935,"4 மணி நேரமும் News பாக்க வச்சுட்டீங்களே ட பக்கத்துல கூட TVK, DMK, ADMK-ன்னு தா கனவு வருது",Support/Praise,Support for party
936,ADMK vs DMK ELECTION TROLL  #TN Public,Troll/Oppose,Troll/Oppose Against Party
937,"
அண்ணனே.. இந்த தடவையும் போராட்டத்துக்கு படகுல தானே போட்டோசூட்டு..
ஆட்டுக்குட்டி
போட்டோகிராபர்

நீ போனதடவ எடுத்த வீடியோவால என்னய வச்சு செஞ்சிட்டு இருக்காங்க.. மறுபடியும் படகான்னு கேக்குற...",Troll/Oppose,Troll/Oppose Against Person
938,ஒருவேள விஜய் தனியா சட்டசபை போனா ரேகிங் பண்ணுவோம்! சட்டசபை போய்ட்டாரு முதலமைச்சரா போய்ருக்காரு.!! பேசுடா இப்ப பேசுடா.!!,Support/Praise,Support for person
939,"ராமேஸ்வரம்:
கடலில் மிதந்தபடி திமுகவிற்கு வாக்கு சேகரித்த மதிமுக தொண்டர்கள்....

சிரிச்சா தானே டா அடுத்த காமெடி பண்ணுவிங்க...",Troll/Oppose,Troll/Oppose Against Party
940,நான யாரையும முகத்தை மூடி ரகசியமாய் போய் பார்க்க மாட்டேன். மக்கள் மத்தியில் வெளிப்படையாக போய் பார்ப்பேன் என்றார்.! அதான் இன்று வரை நடக்கின்றது. சொன்னதை செய்பவர் தலைவர்.!!,Support/Praise,Support for person
941,"வேல் வைத்த காரில் போதை பொருள் கடத்திய பாஜக மாவட்ட தலைவர் கைது..!

என்ன எழுவா இது?",Troll/Oppose,Troll/Oppose Against Party
942,"அதிமுக ஆட்சிக்கு மக்கள்‌ மட்டுமல்லாமல்‌
இயற்கையும்‌ சாதகமாக இருக்கிறது:
 அப்போலாவுல “சிசிடிவி'மகமரா“வேலை
செஞ்சு இருந்தா இன்னைக்கு உன்‌
பேச்செல்லாம்‌ கட்க வேண்டிய அவசியம்‌
வந்திருக்காது,",Troll/Oppose,Troll/Oppose Against Person
943,"காலியாயகுள்ள நற்காலியை பார்த்து பேசுவது ஒரு கலை.
அதை நம்ம 'பிஜேபிக்காரன்' கிட்ட தான் கற்றுக்கொள்ள வேண்டும்

",Troll/Oppose,Troll/Oppose Against Party
944,உழல்வதிகளுக்கு பாஜகவில் இடமில்லை - மோடி  உழல்வாதிகள்   ஹவுஸ்புல் ஆகிருக்கும் போல,Troll/Oppose,Troll/Oppose Against Person
945,"சாராயம் காய்ச்சுற ஆளைகளுக்கு எல்லாம் நீங்கதானப்பா ஒனறு,

பெட்ரோலை எல்லாம் நீங்க 70 ரூவாய்க்கு தர வேணாம்..180 மிலி குவாட்டரை 70 ரூவாய்க்கு தரேனு சொல்லமுடியுமா..?
உங்ககிட்டே ஓட்டுபோடுறோம்.
",Troll/Oppose,Troll/Oppose Against Party
946,அட்டகத்திக்கு அமைச்சர் பதவியா...!  L BOARD MINISTER POSTING TROLL,Troll/Oppose,Troll/Oppose Against Person
947,"யார்ரா இவன்... மூப்பனார் மகன் வாசன்,
ராமதாஸ் மகன் அன்புமணி, ஓபிஎஸ் மகன் ரவீந்திரநாத்,
குமரிஅனந்தன் மகள் தமிழிசை இவங்கல எல்லாம் மேடையில்
வச்சிகிட்டு வாரிசு அரசியலை ஒழிப்போம்ennu பேசிக்கிட்டிருக்கான்...

தமிழ்நாடு
",Troll/Oppose,Troll/Oppose Against Party
948,"பூமி தாய்க்கு வலிக்குமேனு காவில செருப்பு கூட போட மாட்டேன் - கார்த்தி (பாஜக MLA)

THAMARA KARPAMA IRUKAALA

ஹைட்ரோ கார்ப்பன், மீத்தேனுக்காக மோடி பூமியை தோண்டும் போது எங்க போயிருந்த.?
",Troll/Oppose,Troll/Oppose Against Person
949,"தமிழக அரசியலில் ரஜினி புல்ல்வாணமாகி விடுவாா் - சீமான்
பத்தவச்சு பார்த்ததாலே தெரியும்... பட்டாசு வெடிக்குமா? வெடிக்காதான்னு",Support/Praise,Support for person
950,"

OTP என்றால் என்னவென்று எனக்கு தெரியாது. அதைப்பற்றி நானே என் மகனிடம் தான் கேட்க வேண்டும்

அதிமுக முன்னாள் அமைச்சர் வளர்மதி

இந்தம்மா தான் அதிமுக ஆட்சியில் பாடநூல் கழக தலைவராக இருந்தாங்க!",Troll/Oppose,Troll/Oppose Against Person
951,"முத்துக்குமார்சாமி நற்பொறவை வழக்கை சிஐஏ விசாரிக்க கோரிக்கை
பொதுமக்கள்: அப்பாடியே சாத்தீக் பாட்டாளு ஒக்காந்து இருந்தீயே. அவன் நற்பொறவை வழக்கை சிஐஏ விசாரிக்க சொல்லனுங்களா... நானே இருக்கேன்...",Troll/Oppose,Troll/Oppose Against Person
952,"கொத்துஸ் :
என்ன உங்க தளபதி பதவியேற்பு Postponed தான் ஆகிட்டே இருக்கு. தளபதி தொண்டர்கள்:
நாங்க பாக்காத Postponed ஆஹ்? பிரச்சினை இல்லாம படமே வராது. பதவி எப்படி கிடைக்கும் உடனே?!",Support/Praise,Support for person
953,"மறுபடியும் லாக்கவுன் போட போறாங்க கைல காசு இருக்காதது எந்த கட்சி காரங்க வந்தாலும் காசு வாங்கிடுங்க
யார் வந்து கேட்டாலும் ஓட்டு உங்களுக்குத் தான் போட்டோம்னு சொல்லிரனும்",Troll/Oppose,Troll/Oppose Against Party
954,எல்லாம் என்ன சண்டை...,Support/Praise,Support for party
955,"""புதிய இந்தியா"" பிறக்கிறது!
எப்பா.. நீ ஒரு தடவை புதிய இந்தியான்னு சொல்லி தெருல நின்னது போதும்பா..

திரும்ப வேண்டாம்பா.. வெயில் வேற கழட்டுது.. தாங்க மாட்டோம்பா... பித்த உடம்பு..",Troll/Oppose,Troll/Oppose Against Person
956,"ஒரு மாத்திடும் போய் அடுத்த முதல்வர் யாருனா கேட்டால் ""அம்மா"" என சொல்றலும் - ராமராஜன்

அதே ஒரு ஆட்டிடும் போய் அதிகம் ஆட்சி எப்ப முடியும் கேக்க ""மே"" ன்னு சொல்றும்!",Troll/Oppose,Troll/Oppose Against Party
957,"மக்களுக்கான தலைவனாக யுகத்திற்கு
ஒருவன்‌ உருவாகுவான்‌.

அன்று - எம்ஜிஆர்‌
இன்று - தளபதி விஜய்‌

#தலைவர்விஜய்‌",Support/Praise,Support for person
958,"AMMK Leader  
TTV Dhinakaran Press Meet

சூந்தல் ஆய்வு செய்யும் தெர்மாகோல் விஞ்ஞானி  
கொடநாடு விவகாரத்தில் இவர்கள் ஏன் பயப்படுகிறார்கள்

தொப்பி போட்டால் எப்படியெம் ஜிஆர் ஆகிவிட முடியுமா",Troll/Oppose,Troll/Oppose Against Person
959,நாளைக்கு முதலமைச்சர் ஆக Vijay பதவியேற்க உள்ளார்...,Support/Praise,Support for person
960,"ஓபிஎஸ் கொடுத்த இட்லி பாணை... வாங்கிய குஷியில் பாட்டி போட்டா குத்ததடம்!

ஆ. ஒரு இட்லி குண்டாவுக்கு இந்தாட்டமா!",Troll/Oppose,Troll/Oppose Against Person
961,"மிகப்பெரிய பாத்ததை
காற்றுக் கொடுத்துள்ளனர்…!!

மேலும் திமுக, அதிமுக, பாஜக –
3 பேரும் கூட்டணிவைத்தாலும்
மக்களிருந்து கொண்டனர்… 💯

அடுத்த முறை தவறவிட்ட
108 வாயும் கிடையாது…
150+ முதல் 200 வரைக்கும்
மக்கள் முடிவெடுத்துள்ளனர்",Support/Praise,Support for party
962,"SCIENTIST RAJU TROLL

யாரு சாமி இவன்?",Troll/Oppose,Troll/Oppose Against Person
963,"News18 தமிழ்நாடு நடத்திய கருத்துக் கணிப்பில், 2026 சட்டமன்றத் தேர்தலில் பெரும்பான்மை ஆட்சி அமைக்க திமுகவுக்கே சாதியம் என்று
திமுக - 67%
அதிமுக - 33%",Support/Praise,Support for party
964,"THALAPATHY VIJAY  
UNVEILS TAMILAGA VETTRI KAZHAGAM (TVK) PARTY FLAG AND SYMBOL IN CHENNAI  
ALL THE BEST THALAPATHY VIJAY SIR",Support/Praise,Support for person
965,"News channel : நாளை 3 மணிக்கு Vijay CM ஆக உள்ளார்...
Tvk Fans : Vijay அண்ணன் CM Seat ல உட்கார வரைக்கும் எதையும் நம்ப மாட்டோம்...",Support/Praise,Support for person
966,"ஓரே நாடு, ஓரே தேர்தல் கண்டிப்பாக வரும்  
- எடப்பாடி

அடிமையின் உடம்பில் ரத்தம் எதற்கு?",Troll/Oppose,Troll/Oppose Against Person
967,"பாகிஸ்தான்‌ திவால்‌ அடைந்து
விட்டதாக பாகிஸ்தான்‌
Federal Board of Revenue
FBR அறிவிப்பு

60 வருட காங்கிரஸ்‌ செய்ய
முடியாததை 6 வருசத்துல பாஜக
அரசு செய்துவிட்டது. மோடி
அனைத்து  நாடுகளுக்கு
சுற்றுப்பயணம்‌ மேற்கொள்வது
பாகிஸ்தான்‌ நிதி வழங்குவதை
நிறுத்து வதற்குதான்‌.",Troll/Oppose,Troll/Oppose Against Person
968,"நேத்து வரைக்கும் அவர் பட ரிலீஸ்க்கே
போராடின மனுசன்
இன்னைக்கு முதலமைச்சராகி சிறப்பு காட்சிக்கு அனுமதி தர அளவுக்கு வளந்துட்டாரு 0
Life is Circle! நெசம் தான் போல,",Support/Praise,Support for person